-- phpMyAdmin SQL Dump
-- version 5.2.1
-- https://www.phpmyadmin.net/
--
-- Host: 127.0.0.1
-- Generation Time: Aug 18, 2024 at 06:55 PM
-- Server version: 10.4.32-MariaDB
-- PHP Version: 8.2.12

SET SQL_MODE = "NO_AUTO_VALUE_ON_ZERO";
START TRANSACTION;
SET time_zone = "+00:00";


/*!40101 SET @OLD_CHARACTER_SET_CLIENT=@@CHARACTER_SET_CLIENT */;
/*!40101 SET @OLD_CHARACTER_SET_RESULTS=@@CHARACTER_SET_RESULTS */;
/*!40101 SET @OLD_COLLATION_CONNECTION=@@COLLATION_CONNECTION */;
/*!40101 SET NAMES utf8mb4 */;

--
-- Database: `tvms`
--

-- --------------------------------------------------------

--
-- Table structure for table `channel`
--

CREATE TABLE `channel` (
  `channel_id` int(11) NOT NULL,
  `channel_name` varchar(50) NOT NULL,
  `channel_type` varchar(50) NOT NULL,
  `channel_language` varchar(50) NOT NULL,
  `is_hd` tinyint(1) NOT NULL
) ENGINE=InnoDB DEFAULT CHARSET=utf8mb4 COLLATE=utf8mb4_general_ci;

--
-- Dumping data for table `channel`
--

INSERT INTO `channel` (`channel_id`, `channel_name`, `channel_type`, `channel_language`, `is_hd`) VALUES
(1, 'StarPlus', 'serial', 'hindi', 0),
(2, 'StarPlusHD', 'serial', 'hindi', 1),
(3, 'SonySab', 'comedy', 'hindi', 0),
(4, 'SonySabHD', 'comedy', 'hindi', 1),
(5, 'zeetv', 'serial', 'hindi', 0),
(6, 'zeetvHD', 'serial', 'hindi', 1),
(7, 'AndTV', 'comedy', 'hindi', 0),
(8, 'AndTvHD', 'comedy', 'hindi', 1),
(9, 'disney', 'cartoon', 'hindi', 0),
(10, 'disneyHD', 'cartoon', 'hindi', 1),
(11, 'hungama', 'cartoon', 'hindi', 0),
(12, 'hungamaHD', 'cartoon', 'hindi', 1),
(13, 'pogo', 'cartoon', 'hindi', 0),
(14, 'pogoHD', 'cartoon', 'hindi', 1),
(15, 'marvelHq', 'animation', 'english', 0),
(16, 'marvelHqHD', 'animation', 'english', 1),
(17, 'ajtak', 'news', 'hindi', 0),
(18, 'ajtakHD', 'news', 'hindi', 1),
(19, 'tv9gujarati', 'news', 'gujarati', 0),
(20, 'tv9gujaratiHD', 'news', 'gujarati', 1),
(21, 'sandesh', 'news', 'hindi', 0),
(22, 'sandeshHD', 'news', 'hindi', 1),
(23, 'timesnow', 'news', 'english', 0),
(24, 'timesnowHD', 'news', 'english', 1),
(25, 'stargold', 'movie', 'hindi', 0),
(26, 'stargoldHD', 'movie', 'hindi', 1),
(27, 'sonymax', 'movie', 'hindi', 0),
(28, 'sonymaxHD', 'movie', 'hindi', 1),
(29, 'zeecinema', 'movie', 'hindi', 0),
(30, 'zeecinemaHD', 'movie', 'hindi', 1),
(31, 'sonypix', 'movie', 'english', 0),
(32, 'sonypixHD', 'movie', 'english', 1),
(33, 'starsport1', 'sport', 'hindi', 0),
(34, 'starsport1HD', 'sport', 'hindi', 1),
(35, 'sonysport', 'sport', 'hindi', 0),
(36, 'sonysportHD', 'sport', 'hindi', 1),
(37, 'starsport2', 'sport', 'english', 0),
(38, 'starsport2HD', 'sport', 'english', 1),
(39, 'foxsports', 'sport', 'english', 0),
(40, 'foxsportsHD', 'sport', 'english', 1),
(41, 'DDnational', 'serial', 'hindi', 0),
(42, 'DDnationalHD', 'serial', 'hindi', 1),
(43, 'DDsport', 'sport', 'hindi', 0),
(44, 'DDsportHD', 'sport', 'hindi', 1),
(45, 'DDmovie', 'movie', 'hindi', 0),
(46, 'DDmovieHD', 'movie', 'hindi', 1),
(47, 'DDinternational', 'news', 'english', 0),
(48, 'DDinternationalHD', 'news', 'english', 1);

-- --------------------------------------------------------

--
-- Table structure for table `free_channel`
--

CREATE TABLE `free_channel` (
  `free_channel_id` int(11) NOT NULL
) ENGINE=InnoDB DEFAULT CHARSET=utf8mb4 COLLATE=utf8mb4_general_ci;

--
-- Dumping data for table `free_channel`
--

INSERT INTO `free_channel` (`free_channel_id`) VALUES
(41),
(42),
(43),
(44),
(45),
(46),
(47),
(48);

-- --------------------------------------------------------

--
-- Table structure for table `hd_channel`
--

CREATE TABLE `hd_channel` (
  `hd_channel_id` int(11) NOT NULL
) ENGINE=InnoDB DEFAULT CHARSET=utf8mb4 COLLATE=utf8mb4_general_ci;

--
-- Dumping data for table `hd_channel`
--

INSERT INTO `hd_channel` (`hd_channel_id`) VALUES
(1),
(2),
(3),
(4),
(5),
(6),
(7),
(8),
(9),
(10),
(11),
(12),
(13),
(14),
(15),
(16),
(17),
(18),
(19),
(20),
(21),
(22),
(23),
(24),
(25),
(26),
(27),
(28),
(29),
(30),
(31),
(32),
(33),
(34),
(35),
(36),
(37),
(38),
(39),
(40);

-- --------------------------------------------------------

--
-- Table structure for table `normal_channel`
--

CREATE TABLE `normal_channel` (
  `noraml_id` int(11) NOT NULL
) ENGINE=InnoDB DEFAULT CHARSET=utf8mb4 COLLATE=utf8mb4_general_ci;

-- --------------------------------------------------------

--
-- Stand-in structure for view `playque`
-- (See below for the actual view)
--
CREATE TABLE `playque` (
`channel_id` int(11)
,`channel_name` varchar(50)
,`program_name` varchar(50)
,`start_time` time
,`end_time` time
);

-- --------------------------------------------------------

--
-- Table structure for table `program_routine`
--

CREATE TABLE `program_routine` (
  `program_id` int(11) NOT NULL,
  `channel_id` int(11) NOT NULL,
  `time_slot_id` int(11) NOT NULL,
  `program_name` varchar(50) NOT NULL
) ENGINE=InnoDB DEFAULT CHARSET=utf8mb4 COLLATE=utf8mb4_general_ci;

--
-- Dumping data for table `program_routine`
--

INSERT INTO `program_routine` (`program_id`, `channel_id`, `time_slot_id`, `program_name`) VALUES
(1, 27, 1, 'Sooryavansham'),
(2, 27, 2, 'Sultan'),
(3, 27, 3, 'Sooryavansham'),
(4, 27, 4, 'Bahubali 1'),
(5, 27, 5, 'KGF 1'),
(6, 27, 6, 'Bahubali 1'),
(7, 27, 7, 'Bahubali 1'),
(8, 27, 8, 'Bahubali 1'),
(9, 27, 9, 'Sultan'),
(10, 27, 10, 'Sooryavansham'),
(11, 27, 11, 'Sooryavansham'),
(12, 27, 12, 'Sooryavansham'),
(13, 27, 13, 'Bahubali 2'),
(14, 27, 14, 'Bahubali 1'),
(15, 27, 15, 'Bahubali 2'),
(16, 27, 16, 'KGF 2'),
(17, 27, 17, 'Sooryavansham'),
(18, 27, 18, 'Kantara'),
(19, 27, 19, 'Tzh'),
(20, 27, 20, 'Tzh'),
(21, 27, 21, 'Sultan'),
(22, 27, 22, 'Bahubali 1'),
(23, 27, 23, 'Sultan'),
(24, 27, 24, 'KGF 1'),
(25, 28, 1, 'Bahubali 2'),
(26, 28, 2, 'Sooryavansham'),
(27, 28, 3, 'Bahubali 2'),
(28, 28, 4, 'Sultan'),
(29, 28, 5, 'Sultan'),
(30, 28, 6, 'Tzh'),
(31, 28, 7, 'Tzh'),
(32, 28, 8, 'Sultan'),
(33, 28, 9, 'Bahubali 1'),
(34, 28, 10, 'KGF 2'),
(35, 28, 11, 'Tzh'),
(36, 28, 12, 'Kantara'),
(37, 28, 13, 'Bahubali 1'),
(38, 28, 14, 'Sultan'),
(39, 28, 15, 'Bahubali 1'),
(40, 28, 16, 'Tzh'),
(41, 28, 17, 'Bahubali 2'),
(42, 28, 18, 'KGF 1'),
(43, 28, 19, 'Tzh'),
(44, 28, 20, 'Bahubali 1'),
(45, 28, 21, 'KGF 2'),
(46, 28, 22, 'KGF 1'),
(47, 28, 23, 'Sooryavansham'),
(48, 28, 24, 'Bahubali 2'),
(49, 39, 1, 'Sports'),
(50, 39, 2, 'Olympics'),
(51, 39, 3, 'Cricket'),
(52, 39, 4, 'Sports'),
(53, 39, 5, 'Olympics'),
(54, 39, 6, 'Cricket'),
(55, 39, 7, 'Sports'),
(56, 39, 8, 'Cricket'),
(57, 39, 9, 'Cricket'),
(58, 39, 10, 'Cricket'),
(59, 39, 11, 'Cricket'),
(60, 39, 12, 'Olympics'),
(61, 39, 13, 'Olympics'),
(62, 39, 14, 'Cricket'),
(63, 39, 15, 'Sports'),
(64, 39, 16, 'Olympics'),
(65, 39, 17, 'Sports'),
(66, 39, 18, 'Cricket'),
(67, 39, 19, 'Olympics'),
(68, 39, 20, 'Olympics'),
(69, 39, 21, 'Cricket'),
(70, 39, 22, 'Olympics'),
(71, 39, 23, 'Cricket'),
(72, 39, 24, 'Cricket'),
(73, 40, 1, 'Sports'),
(74, 40, 2, 'Olympics'),
(75, 40, 3, 'Olympics'),
(76, 40, 4, 'Sports'),
(77, 40, 5, 'Olympics'),
(78, 40, 6, 'Olympics'),
(79, 40, 7, 'Sports'),
(80, 40, 8, 'Sports'),
(81, 40, 9, 'Sports'),
(82, 40, 10, 'Sports'),
(83, 40, 11, 'Sports'),
(84, 40, 12, 'Sports'),
(85, 40, 13, 'Cricket'),
(86, 40, 14, 'Sports'),
(87, 40, 15, 'Sports'),
(88, 40, 16, 'Olympics'),
(89, 40, 17, 'Olympics'),
(90, 40, 18, 'Olympics'),
(91, 40, 19, 'Cricket'),
(92, 40, 20, 'Sports'),
(93, 40, 21, 'Olympics'),
(94, 40, 22, 'Olympics'),
(95, 40, 23, 'Olympics'),
(96, 40, 24, 'Sports'),
(97, 11, 1, 'Shinchan'),
(98, 11, 2, 'Shinchan Movie'),
(99, 11, 3, 'Old Shinchan'),
(100, 11, 4, 'Old Shinchan'),
(101, 11, 5, 'Pokemon'),
(102, 11, 6, 'Old Shinchan'),
(103, 11, 7, 'Pokemon'),
(104, 11, 8, 'Pokemon'),
(105, 11, 9, 'Shinchan'),
(106, 11, 10, 'Pokemon'),
(107, 11, 11, 'Shinchan Movie'),
(108, 11, 12, 'Old Shinchan'),
(109, 11, 13, 'Shinchan Movie'),
(110, 11, 14, 'Pokemon'),
(111, 11, 15, 'Old Shinchan'),
(112, 11, 16, 'Pokemon'),
(113, 11, 17, 'Shinchan'),
(114, 11, 18, 'Pokemon'),
(115, 11, 19, 'Shinchan'),
(116, 11, 20, 'Shinchan Movie'),
(117, 11, 21, 'Shinchan Movie'),
(118, 11, 22, 'Old Shinchan'),
(119, 11, 23, 'Shinchan Movie'),
(120, 11, 24, 'Shinchan Movie'),
(121, 12, 1, 'Pokemon'),
(122, 12, 2, 'Shinchan'),
(123, 12, 3, 'Shinchan Movie'),
(124, 12, 4, 'Old Shinchan'),
(125, 12, 5, 'Pokemon'),
(126, 12, 6, 'Shinchan'),
(127, 12, 7, 'Old Shinchan'),
(128, 12, 8, 'Shinchan Movie'),
(129, 12, 9, 'Pokemon'),
(130, 12, 10, 'Pokemon'),
(131, 12, 11, 'Old Shinchan'),
(132, 12, 12, 'Shinchan'),
(133, 12, 13, 'Old Shinchan'),
(134, 12, 14, 'Old Shinchan'),
(135, 12, 15, 'Shinchan'),
(136, 12, 16, 'Old Shinchan'),
(137, 12, 17, 'Shinchan'),
(138, 12, 18, 'Old Shinchan'),
(139, 12, 19, 'Shinchan Movie'),
(140, 12, 20, 'Pokemon'),
(141, 12, 21, 'Shinchan'),
(142, 12, 22, 'Pokemon'),
(143, 12, 23, 'Pokemon'),
(144, 12, 24, 'Shinchan'),
(145, 25, 1, 'Prem Ratan Dhan Payo'),
(146, 25, 2, 'Bhool Bhulaiyaa'),
(147, 25, 3, 'Prem Ratan Dhan Payo'),
(148, 25, 4, 'DDLJ'),
(149, 25, 5, 'Singham'),
(150, 25, 6, 'Golmaal Returns'),
(151, 25, 7, 'Bhool Bhulaiyaa'),
(152, 25, 8, 'Singham'),
(153, 25, 9, 'Bhool Bhulaiyaa 2'),
(154, 25, 10, 'Golmaal Returns'),
(155, 25, 11, 'Bhool Bhulaiyaa 2'),
(156, 25, 12, 'Shang-Chi'),
(157, 25, 13, 'Singham'),
(158, 25, 14, 'Golmaal Returns'),
(159, 25, 15, 'Bhool Bhulaiyaa 2'),
(160, 25, 16, 'DDLJ'),
(161, 25, 17, 'Singham'),
(162, 25, 18, 'Bhool Bhulaiyaa 2'),
(163, 25, 19, 'Golmaal Returns'),
(164, 25, 20, 'Shang-Chi'),
(165, 25, 21, 'Shang-Chi'),
(166, 25, 22, 'Bhool Bhulaiyaa 2'),
(167, 25, 23, 'Golmaal Returns'),
(168, 25, 24, 'Bhool Bhulaiyaa'),
(169, 26, 1, 'Dil To Pagal Hai'),
(170, 26, 2, 'DDLJ'),
(171, 26, 3, 'Shang-Chi'),
(172, 26, 4, 'Singham'),
(173, 26, 5, 'Bhool Bhulaiyaa 2'),
(174, 26, 6, 'Dil To Pagal Hai'),
(175, 26, 7, 'Shang-Chi'),
(176, 26, 8, 'Dil To Pagal Hai'),
(177, 26, 9, 'Prem Ratan Dhan Payo'),
(178, 26, 10, 'Bhool Bhulaiyaa'),
(179, 26, 11, 'Dil To Pagal Hai'),
(180, 26, 12, 'Bhool Bhulaiyaa'),
(181, 26, 13, 'Golmaal Returns'),
(182, 26, 14, 'Bhool Bhulaiyaa'),
(183, 26, 15, 'Bhool Bhulaiyaa 2'),
(184, 26, 16, 'Singham'),
(185, 26, 17, 'Singham'),
(186, 26, 18, 'Bhool Bhulaiyaa 2'),
(187, 26, 19, 'Prem Ratan Dhan Payo'),
(188, 26, 20, 'Golmaal Returns'),
(189, 26, 21, 'Bhool Bhulaiyaa 2'),
(190, 26, 22, 'Shang-Chi'),
(191, 26, 23, 'Bhool Bhulaiyaa 2'),
(192, 26, 24, 'Shang-Chi'),
(193, 31, 1, 'Avengers'),
(194, 31, 2, 'Avengers Endgame'),
(195, 31, 3, 'Incredible 2'),
(196, 31, 4, 'Avengers Infinity War'),
(197, 31, 5, 'Avengers Age Of Ultron'),
(198, 31, 6, 'Thor'),
(199, 31, 7, 'Incredible 2'),
(200, 31, 8, 'Thor'),
(201, 31, 9, 'Avengers Infinity War'),
(202, 31, 10, 'Avengers Endgame'),
(203, 31, 11, 'John Wick'),
(204, 31, 12, 'Avengers Endgame'),
(205, 31, 13, 'Thor'),
(206, 31, 14, 'Avengers Infinity War'),
(207, 31, 15, 'Avengers'),
(208, 31, 16, 'John Wick'),
(209, 31, 17, 'Avengers Infinity War'),
(210, 31, 18, 'Avengers Endgame'),
(211, 31, 19, 'Avengers'),
(212, 31, 20, 'Incredible 2'),
(213, 31, 21, 'Avengers'),
(214, 31, 22, 'Avengers Age Of Ultron'),
(215, 31, 23, 'Fast And Furious'),
(216, 31, 24, 'Fast And Furious'),
(217, 32, 1, 'Avengers'),
(218, 32, 2, 'Incredible 2'),
(219, 32, 3, 'Avengers Endgame'),
(220, 32, 4, 'Avengers Infinity War'),
(221, 32, 5, 'Avengers Endgame'),
(222, 32, 6, 'Avengers'),
(223, 32, 7, 'Avengers Endgame'),
(224, 32, 8, 'Avengers Infinity War'),
(225, 32, 9, 'Incredible 2'),
(226, 32, 10, 'Avengers'),
(227, 32, 11, 'Incredible 2'),
(228, 32, 12, 'Avengers Endgame'),
(229, 32, 13, 'Avengers Age Of Ultron'),
(230, 32, 14, 'Thor'),
(231, 32, 15, 'Thor'),
(232, 32, 16, 'Avengers'),
(233, 32, 17, 'Avengers Infinity War'),
(234, 32, 18, 'Incredible 2'),
(235, 32, 19, 'Thor'),
(236, 32, 20, 'John Wick'),
(237, 32, 21, 'John Wick'),
(238, 32, 22, 'Thor'),
(239, 32, 23, 'Avengers Infinity War'),
(240, 32, 24, 'Avengers Infinity War'),
(241, 23, 1, 'News'),
(242, 23, 2, 'News'),
(243, 23, 3, 'Times News'),
(244, 23, 4, 'News'),
(245, 23, 5, 'Times News'),
(246, 23, 6, 'Times News'),
(247, 23, 7, 'News'),
(248, 23, 8, 'Times News'),
(249, 23, 9, 'Times News'),
(250, 23, 10, 'Times News'),
(251, 23, 11, 'News'),
(252, 23, 12, 'Times News'),
(253, 23, 13, 'News'),
(254, 23, 14, 'Times News'),
(255, 23, 15, 'News'),
(256, 23, 16, 'News'),
(257, 23, 17, 'Times News'),
(258, 23, 18, 'Times News'),
(259, 23, 19, 'Times News'),
(260, 23, 20, 'Times News'),
(261, 23, 21, 'Times News'),
(262, 23, 22, 'News'),
(263, 23, 23, 'News'),
(264, 23, 24, 'News'),
(265, 24, 1, 'Times News'),
(266, 24, 2, 'Times News'),
(267, 24, 3, 'Times News'),
(268, 24, 4, 'News'),
(269, 24, 5, 'News'),
(270, 24, 6, 'News'),
(271, 24, 7, 'Times News'),
(272, 24, 8, 'Times News'),
(273, 24, 9, 'News'),
(274, 24, 10, 'Times News'),
(275, 24, 11, 'News'),
(276, 24, 12, 'News'),
(277, 24, 13, 'Times News'),
(278, 24, 14, 'Times News'),
(279, 24, 15, 'Times News'),
(280, 24, 16, 'Times News'),
(281, 24, 17, 'News'),
(282, 24, 18, 'Times News'),
(283, 24, 19, 'News'),
(284, 24, 20, 'News'),
(285, 24, 21, 'Times News'),
(286, 24, 22, 'Times News'),
(287, 24, 23, 'News'),
(288, 24, 24, 'News'),
(289, 1, 1, 'Gum Hai Kisi Ke Pyar Main'),
(290, 1, 2, 'Yehh Jadu Hai Jin Ka'),
(291, 1, 3, 'Yehh Jadu Hai Jin Ka'),
(292, 1, 4, 'Yehh Jadu Hai Jin Ka'),
(293, 1, 5, 'Mahabharat'),
(294, 1, 6, 'Maati Se Bandhi'),
(295, 1, 7, 'Anupama'),
(296, 1, 8, 'Anupama'),
(297, 1, 9, 'Yehh Jadu Hai Jin Ka'),
(298, 1, 10, 'Mahabharat'),
(299, 1, 11, 'Anupama'),
(300, 1, 12, 'Gum Hai Kisi Ke Pyar Main'),
(301, 1, 13, 'Sath Nibhana Sathiya'),
(302, 1, 14, 'Maati Se Bandhi'),
(303, 1, 15, 'Yehh Jadu Hai Jin Ka'),
(304, 1, 16, 'Yehh Jadu Hai Jin Ka'),
(305, 1, 17, 'Yehh Jadu Hai Jin Ka'),
(306, 1, 18, 'Yehh Jadu Hai Jin Ka'),
(307, 1, 19, 'Naaptol'),
(308, 1, 20, 'Sath Nibhana Sathiya'),
(309, 1, 21, 'Mahabharat'),
(310, 1, 22, 'Yeh Rishata Kya Kahelata Hai'),
(311, 1, 23, 'Sath Nibhana Sathiya'),
(312, 1, 24, 'Mahabharat'),
(313, 2, 1, 'Yeh Rishata Kya Kahelata Hai'),
(314, 2, 2, 'Yehh Jadu Hai Jin Ka'),
(315, 2, 3, 'Anupama'),
(316, 2, 4, 'Anupama'),
(317, 2, 5, 'Sath Nibhana Sathiya'),
(318, 2, 6, 'Mahabharat'),
(319, 2, 7, 'Anupama'),
(320, 2, 8, 'Naaptol'),
(321, 2, 9, 'Yehh Jadu Hai Jin Ka'),
(322, 2, 10, 'Yeh Rishata Kya Kahelata Hai'),
(323, 2, 11, 'Yehh Jadu Hai Jin Ka'),
(324, 2, 12, 'Mahabharat'),
(325, 2, 13, 'Anupama'),
(326, 2, 14, 'Gum Hai Kisi Ke Pyar Main'),
(327, 2, 15, 'Gum Hai Kisi Ke Pyar Main'),
(328, 2, 16, 'Yeh Rishata Kya Kahelata Hai'),
(329, 2, 17, 'Maati Se Bandhi'),
(330, 2, 18, 'Yehh Jadu Hai Jin Ka'),
(331, 2, 19, 'Naaptol'),
(332, 2, 20, 'Anupama'),
(333, 2, 21, 'Mahabharat'),
(334, 2, 22, 'Yehh Jadu Hai Jin Ka'),
(335, 2, 23, 'Naaptol'),
(336, 2, 24, 'Yehh Jadu Hai Jin Ka'),
(337, 47, 1, 'Man Vs Wild'),
(338, 47, 2, 'Man Vs Wild'),
(339, 47, 3, 'News International'),
(340, 47, 4, 'News International'),
(341, 47, 5, 'News International'),
(342, 47, 6, 'Man Vs Wild'),
(343, 47, 7, 'Man Vs Wild'),
(344, 47, 8, 'News International'),
(345, 47, 9, 'News International'),
(346, 47, 10, 'Man Vs Wild'),
(347, 47, 11, 'International Crime News'),
(348, 47, 12, 'News International'),
(349, 47, 13, 'News International'),
(350, 47, 14, 'News International'),
(351, 47, 15, 'Man Vs Wild'),
(352, 47, 16, 'Man Vs Wild'),
(353, 47, 17, 'Man Vs Wild'),
(354, 47, 18, 'News International'),
(355, 47, 19, 'News International'),
(356, 47, 20, 'International Crime News'),
(357, 47, 21, 'News International'),
(358, 47, 22, 'News International'),
(359, 47, 23, 'International Crime News'),
(360, 47, 24, 'News International'),
(361, 48, 1, 'International Crime News'),
(362, 48, 2, 'Man Vs Wild'),
(363, 48, 3, 'News International'),
(364, 48, 4, 'News International'),
(365, 48, 5, 'International Crime News'),
(366, 48, 6, 'News International'),
(367, 48, 7, 'International Crime News'),
(368, 48, 8, 'News International'),
(369, 48, 9, 'News International'),
(370, 48, 10, 'Man Vs Wild'),
(371, 48, 11, 'International Crime News'),
(372, 48, 12, 'International Crime News'),
(373, 48, 13, 'Man Vs Wild'),
(374, 48, 14, 'International Crime News'),
(375, 48, 15, 'Man Vs Wild'),
(376, 48, 16, 'News International'),
(377, 48, 17, 'International Crime News'),
(378, 48, 18, 'International Crime News'),
(379, 48, 19, 'News International'),
(380, 48, 20, 'Man Vs Wild'),
(381, 48, 21, 'News International'),
(382, 48, 22, 'International Crime News'),
(383, 48, 23, 'International Crime News'),
(384, 48, 24, 'International Crime News'),
(385, 43, 1, 'Sports'),
(386, 43, 2, 'Sports'),
(387, 43, 3, 'Olympics'),
(388, 43, 4, 'Sports'),
(389, 43, 5, 'Sports'),
(390, 43, 6, 'Sports'),
(391, 43, 7, 'Sports'),
(392, 43, 8, 'Sports'),
(393, 43, 9, 'Olympics'),
(394, 43, 10, 'Sports'),
(395, 43, 11, 'Sports'),
(396, 43, 12, 'Sports'),
(397, 43, 13, 'Sports'),
(398, 43, 14, 'Sports'),
(399, 43, 15, 'Sports'),
(400, 43, 16, 'Olympics'),
(401, 43, 17, 'Sports'),
(402, 43, 18, 'Olympics'),
(403, 43, 19, 'Sports'),
(404, 43, 20, 'Sports'),
(405, 43, 21, 'Olympics'),
(406, 43, 22, 'Sports'),
(407, 43, 23, 'Sports'),
(408, 43, 24, 'Sports'),
(409, 44, 1, 'Sports'),
(410, 44, 2, 'Olympics'),
(411, 44, 3, 'Olympics'),
(412, 44, 4, 'Sports'),
(413, 44, 5, 'Sports'),
(414, 44, 6, 'Sports'),
(415, 44, 7, 'Olympics'),
(416, 44, 8, 'Sports'),
(417, 44, 9, 'Sports'),
(418, 44, 10, 'Sports'),
(419, 44, 11, 'Olympics'),
(420, 44, 12, 'Sports'),
(421, 44, 13, 'Olympics'),
(422, 44, 14, 'Sports'),
(423, 44, 15, 'Sports'),
(424, 44, 16, 'Sports'),
(425, 44, 17, 'Olympics'),
(426, 44, 18, 'Sports'),
(427, 44, 19, 'Sports'),
(428, 44, 20, 'Olympics'),
(429, 44, 21, 'Sports'),
(430, 44, 22, 'Sports'),
(431, 44, 23, 'Olympics'),
(432, 44, 24, 'Sports'),
(433, 3, 1, 'Dhruv Tara'),
(434, 3, 2, 'Naaptol'),
(435, 3, 3, 'Tmkoc'),
(436, 3, 4, 'Jijachat Pe Hai'),
(437, 3, 5, 'Pushpa Impossible'),
(438, 3, 6, 'Naaptol'),
(439, 3, 7, 'Jijachat Pe Hai'),
(440, 3, 8, 'Vanshaj'),
(441, 3, 9, 'Pushpa Impossible'),
(442, 3, 10, 'Pushpa Impossible'),
(443, 3, 11, 'Tmkoc'),
(444, 3, 12, 'Dhruv Tara'),
(445, 3, 13, 'Tmkoc'),
(446, 3, 14, 'Jijachat Pe Hai'),
(447, 3, 15, 'Jijachat Pe Hai'),
(448, 3, 16, 'Jijachat Pe Hai'),
(449, 3, 17, 'Dhruv Tara'),
(450, 3, 18, 'Vanshaj'),
(451, 3, 19, 'Naaptol'),
(452, 3, 20, 'Tmkoc'),
(453, 3, 21, 'Jijachat Pe Hai'),
(454, 3, 22, 'Dhruv Tara'),
(455, 3, 23, 'Tmkoc'),
(456, 3, 24, 'Tmkoc'),
(457, 4, 1, 'Pushpa Impossible'),
(458, 4, 2, 'Vanshaj'),
(459, 4, 3, 'Jijachat Pe Hai'),
(460, 4, 4, 'Jijachat Pe Hai'),
(461, 4, 5, 'Pushpa Impossible'),
(462, 4, 6, 'Dhruv Tara'),
(463, 4, 7, 'Tmkoc'),
(464, 4, 8, 'Tmkoc'),
(465, 4, 9, 'Naaptol'),
(466, 4, 10, 'Tmkoc'),
(467, 4, 11, 'Naaptol'),
(468, 4, 12, 'Tmkoc'),
(469, 4, 13, 'Tmkoc'),
(470, 4, 14, 'Tmkoc'),
(471, 4, 15, 'Vanshaj'),
(472, 4, 16, 'Tmkoc'),
(473, 4, 17, 'Vanshaj'),
(474, 4, 18, 'Tmkoc'),
(475, 4, 19, 'Vanshaj'),
(476, 4, 20, 'Jijachat Pe Hai'),
(477, 4, 21, 'Dhruv Tara'),
(478, 4, 22, 'Naaptol'),
(479, 4, 23, 'Pushpa Impossible'),
(480, 4, 24, 'Tmkoc'),
(481, 7, 1, 'Naaptol'),
(482, 7, 2, 'Bjpgph'),
(483, 7, 3, 'Bjpgph'),
(484, 7, 4, 'Happu Ki Ultan Palan'),
(485, 7, 5, 'Bjpgph'),
(486, 7, 6, 'Bjpgph'),
(487, 7, 7, 'Happu Ki Ultan Palan'),
(488, 7, 8, 'Bjpgph'),
(489, 7, 9, 'Naaptol'),
(490, 7, 10, 'Bjpgph'),
(491, 7, 11, 'Bjpgph'),
(492, 7, 12, 'Naaptol'),
(493, 7, 13, 'Naaptol'),
(494, 7, 14, 'Bjpgph'),
(495, 7, 15, 'Naaptol'),
(496, 7, 16, 'Bjpgph'),
(497, 7, 17, 'Happu Ki Ultan Palan'),
(498, 7, 18, 'Naaptol'),
(499, 7, 19, 'Bjpgph'),
(500, 7, 20, 'Bjpgph'),
(501, 7, 21, 'Happu Ki Ultan Palan'),
(502, 7, 22, 'Bjpgph'),
(503, 7, 23, 'Bjpgph'),
(504, 7, 24, 'Bjpgph'),
(505, 8, 1, 'Naaptol'),
(506, 8, 2, 'Happu Ki Ultan Palan'),
(507, 8, 3, 'Bjpgph'),
(508, 8, 4, 'Happu Ki Ultan Palan'),
(509, 8, 5, 'Bjpgph'),
(510, 8, 6, 'Naaptol'),
(511, 8, 7, 'Happu Ki Ultan Palan'),
(512, 8, 8, 'Bjpgph'),
(513, 8, 9, 'Bjpgph'),
(514, 8, 10, 'Bjpgph'),
(515, 8, 11, 'Bjpgph'),
(516, 8, 12, 'Naaptol'),
(517, 8, 13, 'Bjpgph'),
(518, 8, 14, 'Happu Ki Ultan Palan'),
(519, 8, 15, 'Bjpgph'),
(520, 8, 16, 'Happu Ki Ultan Palan'),
(521, 8, 17, 'Happu Ki Ultan Palan'),
(522, 8, 18, 'Naaptol'),
(523, 8, 19, 'Happu Ki Ultan Palan'),
(524, 8, 20, 'Happu Ki Ultan Palan'),
(525, 8, 21, 'Happu Ki Ultan Palan'),
(526, 8, 22, 'Happu Ki Ultan Palan'),
(527, 8, 23, 'Naaptol'),
(528, 8, 24, 'Bjpgph'),
(529, 13, 1, 'Krishna And Balram'),
(530, 13, 2, 'Super Bheem'),
(531, 13, 3, 'Super Bheem'),
(532, 13, 4, 'Chhota Bheem'),
(533, 13, 5, 'Krishna And Balram'),
(534, 13, 6, 'Krishna And Balram'),
(535, 13, 7, 'Krishna And Balram'),
(536, 13, 8, 'Chhota Bheem'),
(537, 13, 9, 'Chhota Bheem'),
(538, 13, 10, 'Chhota Bheem'),
(539, 13, 11, 'Super Bheem'),
(540, 13, 12, 'Chhota Bheem'),
(541, 13, 13, 'Krishna And Balram'),
(542, 13, 14, 'Super Bheem'),
(543, 13, 15, 'Chhota Bheem'),
(544, 13, 16, 'Takeshi\'s Castle'),
(545, 13, 17, 'Takeshi\'s Castle'),
(546, 13, 18, 'Chhota Bheem'),
(547, 13, 19, 'Super Bheem'),
(548, 13, 20, 'Super Bheem'),
(549, 13, 21, 'Takeshi\'s Castle'),
(550, 13, 22, 'Chhota Bheem'),
(551, 13, 23, 'Chhota Bheem'),
(552, 13, 24, 'Super Bheem'),
(553, 14, 1, 'Krishna And Balram'),
(554, 14, 2, 'Krishna And Balram'),
(555, 14, 3, 'Krishna And Balram'),
(556, 14, 4, 'Takeshi\'s Castle'),
(557, 14, 5, 'Chhota Bheem'),
(558, 14, 6, 'Takeshi\'s Castle'),
(559, 14, 7, 'Krishna And Balram'),
(560, 14, 8, 'Krishna And Balram'),
(561, 14, 9, 'Krishna And Balram'),
(562, 14, 10, 'Takeshi\'s Castle'),
(563, 14, 11, 'Chhota Bheem'),
(564, 14, 12, 'Chhota Bheem'),
(565, 14, 13, 'Takeshi\'s Castle'),
(566, 14, 14, 'Takeshi\'s Castle'),
(567, 14, 15, 'Krishna And Balram'),
(568, 14, 16, 'Super Bheem'),
(569, 14, 17, 'Chhota Bheem'),
(570, 14, 18, 'Takeshi\'s Castle'),
(571, 14, 19, 'Takeshi\'s Castle'),
(572, 14, 20, 'Super Bheem'),
(573, 14, 21, 'Takeshi\'s Castle'),
(574, 14, 22, 'Chhota Bheem'),
(575, 14, 23, 'Takeshi\'s Castle'),
(576, 14, 24, 'Chhota Bheem'),
(577, 19, 1, 'News'),
(578, 19, 2, 'Bhakti Ma Thai Jao Lin'),
(579, 19, 3, 'News'),
(580, 19, 4, 'News'),
(581, 19, 5, 'News'),
(582, 19, 6, 'News'),
(583, 19, 7, 'News'),
(584, 19, 8, 'Crime Report'),
(585, 19, 9, 'Crime Report'),
(586, 19, 10, 'Crime Report'),
(587, 19, 11, 'Crime Report'),
(588, 19, 12, 'Bhakti Ma Thai Jao Lin'),
(589, 19, 13, 'News'),
(590, 19, 14, 'News'),
(591, 19, 15, 'News'),
(592, 19, 16, 'Crime Report'),
(593, 19, 17, 'Crime Report'),
(594, 19, 18, 'Crime Report'),
(595, 19, 19, 'News'),
(596, 19, 20, 'Crime Report'),
(597, 19, 21, 'News'),
(598, 19, 22, 'News'),
(599, 19, 23, 'News'),
(600, 19, 24, 'Bhakti Ma Thai Jao Lin'),
(601, 20, 1, 'News'),
(602, 20, 2, 'Crime Report'),
(603, 20, 3, 'News'),
(604, 20, 4, 'Crime Report'),
(605, 20, 5, 'Bhakti Ma Thai Jao Lin'),
(606, 20, 6, 'Bhakti Ma Thai Jao Lin'),
(607, 20, 7, 'News'),
(608, 20, 8, 'Crime Report'),
(609, 20, 9, 'News'),
(610, 20, 10, 'Bhakti Ma Thai Jao Lin'),
(611, 20, 11, 'Bhakti Ma Thai Jao Lin'),
(612, 20, 12, 'News'),
(613, 20, 13, 'Bhakti Ma Thai Jao Lin'),
(614, 20, 14, 'News'),
(615, 20, 15, 'News'),
(616, 20, 16, 'News'),
(617, 20, 17, 'Bhakti Ma Thai Jao Lin'),
(618, 20, 18, 'News'),
(619, 20, 19, 'Bhakti Ma Thai Jao Lin'),
(620, 20, 20, 'Crime Report'),
(621, 20, 21, 'Crime Report'),
(622, 20, 22, 'Bhakti Ma Thai Jao Lin'),
(623, 20, 23, 'News'),
(624, 20, 24, 'Bhakti Ma Thai Jao Lin'),
(625, 45, 1, 'Movie'),
(626, 45, 2, 'Movie'),
(627, 45, 3, 'Movie'),
(628, 45, 4, 'Movie'),
(629, 45, 5, 'Movie'),
(630, 45, 6, 'Movie'),
(631, 45, 7, 'Movie'),
(632, 45, 8, 'Movie'),
(633, 45, 9, 'Movie'),
(634, 45, 10, 'Movie'),
(635, 45, 11, 'Movie'),
(636, 45, 12, 'Movie'),
(637, 45, 13, 'Movie'),
(638, 45, 14, 'Movie'),
(639, 45, 15, 'Movie'),
(640, 45, 16, 'Movie'),
(641, 45, 17, 'Movie'),
(642, 45, 18, 'Movie'),
(643, 45, 19, 'Movie'),
(644, 45, 20, 'Movie'),
(645, 45, 21, 'Movie'),
(646, 45, 22, 'Movie'),
(647, 45, 23, 'Movie'),
(648, 45, 24, 'Movie'),
(649, 46, 1, 'Movie'),
(650, 46, 2, 'Movie'),
(651, 46, 3, 'Movie'),
(652, 46, 4, 'Movie'),
(653, 46, 5, 'Movie'),
(654, 46, 6, 'Movie'),
(655, 46, 7, 'Movie'),
(656, 46, 8, 'Movie'),
(657, 46, 9, 'Movie'),
(658, 46, 10, 'Movie'),
(659, 46, 11, 'Movie'),
(660, 46, 12, 'Movie'),
(661, 46, 13, 'Movie'),
(662, 46, 14, 'Movie'),
(663, 46, 15, 'Movie'),
(664, 46, 16, 'Movie'),
(665, 46, 17, 'Movie'),
(666, 46, 18, 'Movie'),
(667, 46, 19, 'Movie'),
(668, 46, 20, 'Movie'),
(669, 46, 21, 'Movie'),
(670, 46, 22, 'Movie'),
(671, 46, 23, 'Movie'),
(672, 46, 24, 'Movie'),
(673, 9, 1, 'Best Of Luck Nikki'),
(674, 9, 2, 'Doremon'),
(675, 9, 3, 'Doremon'),
(676, 9, 4, 'Doremon'),
(677, 9, 5, 'Doremon'),
(678, 9, 6, 'Doremon Movie: Magical 3 Sword Man'),
(679, 9, 7, 'Doremon'),
(680, 9, 8, 'Doremon'),
(681, 9, 9, 'Doremon'),
(682, 9, 10, 'Doremon'),
(683, 9, 11, 'Best Of Luck Nikki'),
(684, 9, 12, 'Doremon'),
(685, 9, 13, 'Doremon'),
(686, 9, 14, 'Doremon'),
(687, 9, 15, 'Doremon'),
(688, 9, 16, 'Doremon Movie: Magical 3 Sword Man'),
(689, 9, 17, 'Doremon'),
(690, 9, 18, 'Doremon Movie: Magical 3 Sword Man'),
(691, 9, 19, 'Doremon'),
(692, 9, 20, 'Doremon'),
(693, 9, 21, 'Best Of Luck Nikki'),
(694, 9, 22, 'Doremon'),
(695, 9, 23, 'Doremon'),
(696, 9, 24, 'Best Of Luck Nikki'),
(697, 10, 1, 'Doremon'),
(698, 10, 2, 'Doremon'),
(699, 10, 3, 'Doremon'),
(700, 10, 4, 'Doremon'),
(701, 10, 5, 'Doremon Movie: Magical 3 Sword Man'),
(702, 10, 6, 'Doremon'),
(703, 10, 7, 'Best Of Luck Nikki'),
(704, 10, 8, 'Doremon Movie: Magical 3 Sword Man'),
(705, 10, 9, 'Doremon'),
(706, 10, 10, 'Doremon'),
(707, 10, 11, 'Doremon'),
(708, 10, 12, 'Doremon'),
(709, 10, 13, 'Best Of Luck Nikki'),
(710, 10, 14, 'Doremon Movie: Magical 3 Sword Man'),
(711, 10, 15, 'Best Of Luck Nikki'),
(712, 10, 16, 'Doremon'),
(713, 10, 17, 'Doremon'),
(714, 10, 18, 'Doremon'),
(715, 10, 19, 'Doremon'),
(716, 10, 20, 'Doremon'),
(717, 10, 21, 'Doremon'),
(718, 10, 22, 'Doremon'),
(719, 10, 23, 'Doremon'),
(720, 10, 24, 'Doremon'),
(721, 29, 1, 'Ek Vivah Esa Bhi'),
(722, 29, 2, 'Holiday'),
(723, 29, 3, 'Hum Sath Sath Hai'),
(724, 29, 4, 'Hum Apake Hai Kon'),
(725, 29, 5, 'Dear Comrade'),
(726, 29, 6, 'Ek Vivah Esa Bhi'),
(727, 29, 7, 'Dear Comrade'),
(728, 29, 8, 'Vivaah'),
(729, 29, 9, 'Holiday'),
(730, 29, 10, 'Hum Sath Sath Hai'),
(731, 29, 11, 'Hum Apake Hai Kon'),
(732, 29, 12, 'Ek Vivah Esa Bhi'),
(733, 29, 13, 'Holiday'),
(734, 29, 14, 'Holiday'),
(735, 29, 15, 'Hum Sath Sath Hai'),
(736, 29, 16, 'Hum Apake Hai Kon'),
(737, 29, 17, 'Hum Apake Hai Kon'),
(738, 29, 18, 'Vivaah'),
(739, 29, 19, 'Spyder'),
(740, 29, 20, 'Hum Apake Hai Kon'),
(741, 29, 21, 'Dear Comrade'),
(742, 29, 22, 'Holiday'),
(743, 29, 23, 'Geeta Govinda'),
(744, 29, 24, 'Ek Vivah Esa Bhi'),
(745, 30, 1, 'Spyder'),
(746, 30, 2, 'Vivaah'),
(747, 30, 3, 'Ek Vivah Esa Bhi'),
(748, 30, 4, 'Geeta Govinda'),
(749, 30, 5, 'Hum Sath Sath Hai'),
(750, 30, 6, 'Dear Comrade'),
(751, 30, 7, 'Dear Comrade'),
(752, 30, 8, 'Geeta Govinda'),
(753, 30, 9, 'Holiday'),
(754, 30, 10, 'Ek Vivah Esa Bhi'),
(755, 30, 11, 'Hum Sath Sath Hai'),
(756, 30, 12, 'Geeta Govinda'),
(757, 30, 13, 'Holiday'),
(758, 30, 14, 'Vivaah'),
(759, 30, 15, 'Holiday'),
(760, 30, 16, 'Geeta Govinda'),
(761, 30, 17, 'Spyder'),
(762, 30, 18, 'Spyder'),
(763, 30, 19, 'Holiday'),
(764, 30, 20, 'Spyder'),
(765, 30, 21, 'Dear Comrade'),
(766, 30, 22, 'Hum Apake Hai Kon'),
(767, 30, 23, 'Spyder'),
(768, 30, 24, 'Holiday'),
(769, 21, 1, 'Todays News'),
(770, 21, 2, 'Todays News'),
(771, 21, 3, 'News'),
(772, 21, 4, 'News Now'),
(773, 21, 5, 'Todays News'),
(774, 21, 6, 'News'),
(775, 21, 7, 'News Now'),
(776, 21, 8, 'News'),
(777, 21, 9, 'Todays News'),
(778, 21, 10, 'News Now'),
(779, 21, 11, 'News Now'),
(780, 21, 12, 'News Now'),
(781, 21, 13, 'News Now'),
(782, 21, 14, 'Todays News'),
(783, 21, 15, 'News'),
(784, 21, 16, 'News Now'),
(785, 21, 17, 'News Now'),
(786, 21, 18, 'Todays News'),
(787, 21, 19, 'News Now'),
(788, 21, 20, 'News Now'),
(789, 21, 21, 'Todays News'),
(790, 21, 22, 'Todays News'),
(791, 21, 23, 'Todays News'),
(792, 21, 24, 'News Now'),
(793, 22, 1, 'News'),
(794, 22, 2, 'News'),
(795, 22, 3, 'News'),
(796, 22, 4, 'News'),
(797, 22, 5, 'Todays News'),
(798, 22, 6, 'Todays News'),
(799, 22, 7, 'News Now'),
(800, 22, 8, 'Todays News'),
(801, 22, 9, 'News Now'),
(802, 22, 10, 'News Now'),
(803, 22, 11, 'News Now'),
(804, 22, 12, 'Todays News'),
(805, 22, 13, 'Todays News'),
(806, 22, 14, 'Todays News'),
(807, 22, 15, 'News'),
(808, 22, 16, 'Todays News'),
(809, 22, 17, 'Todays News'),
(810, 22, 18, 'News'),
(811, 22, 19, 'News Now'),
(812, 22, 20, 'News Now'),
(813, 22, 21, 'News'),
(814, 22, 22, 'Todays News'),
(815, 22, 23, 'News'),
(816, 22, 24, 'Todays News'),
(817, 5, 1, 'Kon Banega Carod Pati'),
(818, 5, 2, 'Kundali Bhagya'),
(819, 5, 3, 'Naaptol'),
(820, 5, 4, 'Jodha Akbar'),
(821, 5, 5, 'Kundali Bhagya'),
(822, 5, 6, 'Kum Kum Bhagya'),
(823, 5, 7, 'Sa Re Gamapa'),
(824, 5, 8, 'Kundali Bhagya'),
(825, 5, 9, 'Kundali Bhagya'),
(826, 5, 10, 'Kundali Bhagya'),
(827, 5, 11, 'Sa Re Gamapa'),
(828, 5, 12, 'Sa Re Gamapa'),
(829, 5, 13, 'Kon Banega Carod Pati'),
(830, 5, 14, 'Kundali Bhagya'),
(831, 5, 15, 'Kundali Bhagya'),
(832, 5, 16, 'Sa Re Gamapa'),
(833, 5, 17, 'Kundali Bhagya'),
(834, 5, 18, 'Kum Kum Bhagya'),
(835, 5, 19, 'Kon Banega Carod Pati'),
(836, 5, 20, 'Kon Banega Carod Pati'),
(837, 5, 21, 'Sa Re Gamapa'),
(838, 5, 22, 'Jodha Akbar'),
(839, 5, 23, 'Kum Kum Bhagya'),
(840, 5, 24, 'Kundali Bhagya'),
(841, 6, 1, 'Kundali Bhagya'),
(842, 6, 2, 'Sa Re Gamapa'),
(843, 6, 3, 'Jodha Akbar'),
(844, 6, 4, 'Sa Re Gamapa'),
(845, 6, 5, 'Kum Kum Bhagya'),
(846, 6, 6, 'Kum Kum Bhagya'),
(847, 6, 7, 'Sa Re Gamapa'),
(848, 6, 8, 'Kon Banega Carod Pati'),
(849, 6, 9, 'Sa Re Gamapa'),
(850, 6, 10, 'Naaptol'),
(851, 6, 11, 'Jodha Akbar'),
(852, 6, 12, 'Naaptol'),
(853, 6, 13, 'Naaptol'),
(854, 6, 14, 'Jodha Akbar'),
(855, 6, 15, 'Naaptol'),
(856, 6, 16, 'Naaptol'),
(857, 6, 17, 'Sa Re Gamapa'),
(858, 6, 18, 'Jodha Akbar'),
(859, 6, 19, 'Sa Re Gamapa'),
(860, 6, 20, 'Kum Kum Bhagya'),
(861, 6, 21, 'Kum Kum Bhagya'),
(862, 6, 22, 'Kundali Bhagya'),
(863, 6, 23, 'Sa Re Gamapa'),
(864, 6, 24, 'Kum Kum Bhagya'),
(865, 15, 1, 'Beyblade'),
(866, 15, 2, 'Spider Man'),
(867, 15, 3, 'Avengers Assemble'),
(868, 15, 4, 'Beyblade'),
(869, 15, 5, 'Avengers Assemble'),
(870, 15, 6, 'Spider Man'),
(871, 15, 7, 'Pokemon'),
(872, 15, 8, 'Pokemon'),
(873, 15, 9, 'Pokemon'),
(874, 15, 10, 'Spider Man'),
(875, 15, 11, 'Spider Man'),
(876, 15, 12, 'Beyblade'),
(877, 15, 13, 'Beyblade'),
(878, 15, 14, 'Avengers Assemble'),
(879, 15, 15, 'Pokemon'),
(880, 15, 16, 'Avengers Assemble'),
(881, 15, 17, 'Spider Man'),
(882, 15, 18, 'Avengers Assemble'),
(883, 15, 19, 'Beyblade'),
(884, 15, 20, 'Spider Man'),
(885, 15, 21, 'Beyblade'),
(886, 15, 22, 'Beyblade'),
(887, 15, 23, 'Avengers Assemble'),
(888, 15, 24, 'Spider Man'),
(889, 16, 1, 'Avengers Assemble'),
(890, 16, 2, 'Spider Man'),
(891, 16, 3, 'Pokemon'),
(892, 16, 4, 'Beyblade'),
(893, 16, 5, 'Avengers Assemble'),
(894, 16, 6, 'Pokemon'),
(895, 16, 7, 'Beyblade'),
(896, 16, 8, 'Pokemon'),
(897, 16, 9, 'Spider Man'),
(898, 16, 10, 'Pokemon'),
(899, 16, 11, 'Beyblade'),
(900, 16, 12, 'Avengers Assemble'),
(901, 16, 13, 'Spider Man'),
(902, 16, 14, 'Spider Man'),
(903, 16, 15, 'Beyblade'),
(904, 16, 16, 'Spider Man'),
(905, 16, 17, 'Pokemon'),
(906, 16, 18, 'Pokemon'),
(907, 16, 19, 'Beyblade'),
(908, 16, 20, 'Spider Man'),
(909, 16, 21, 'Avengers Assemble'),
(910, 16, 22, 'Avengers Assemble'),
(911, 16, 23, 'Beyblade'),
(912, 16, 24, 'Pokemon'),
(913, 33, 1, 'Cricket Count Down'),
(914, 33, 2, 'Cricket Count Down'),
(915, 33, 3, 'Cricket Count Down'),
(916, 33, 4, 'Live Ind Vs Aus Odi'),
(917, 33, 5, 'Cricket Count Down'),
(918, 33, 6, 'Live Ind Vs Aus Odi'),
(919, 33, 7, 'Cricket Count Down'),
(920, 33, 8, 'Live Ind Vs Aus Odi'),
(921, 33, 9, 'Live Ind Vs Aus Odi'),
(922, 33, 10, 'Ads'),
(923, 33, 11, 'Live Ind Vs Aus Odi'),
(924, 33, 12, 'Ads'),
(925, 33, 13, 'Ads'),
(926, 33, 14, 'Ads'),
(927, 33, 15, 'Ads'),
(928, 33, 16, 'Cricket Count Down'),
(929, 33, 17, 'Ads'),
(930, 33, 18, 'Ads'),
(931, 33, 19, 'Cricket Count Down'),
(932, 33, 20, 'Cricket Count Down'),
(933, 33, 21, 'Cricket Count Down'),
(934, 33, 22, 'Live Ind Vs Aus Odi'),
(935, 33, 23, 'Live Ind Vs Aus Odi'),
(936, 33, 24, 'Ads'),
(937, 34, 1, 'Cricket Count Down'),
(938, 34, 2, 'Ads'),
(939, 34, 3, 'Cricket Count Down'),
(940, 34, 4, 'Live Ind Vs Aus Odi'),
(941, 34, 5, 'Live Ind Vs Aus Odi'),
(942, 34, 6, 'Live Ind Vs Aus Odi'),
(943, 34, 7, 'Ads'),
(944, 34, 8, 'Live Ind Vs Aus Odi'),
(945, 34, 9, 'Cricket Count Down'),
(946, 34, 10, 'Ads'),
(947, 34, 11, 'Ads'),
(948, 34, 12, 'Ads'),
(949, 34, 13, 'Live Ind Vs Aus Odi'),
(950, 34, 14, 'Ads'),
(951, 34, 15, 'Cricket Count Down'),
(952, 34, 16, 'Cricket Count Down'),
(953, 34, 17, 'Live Ind Vs Aus Odi'),
(954, 34, 18, 'Ads'),
(955, 34, 19, 'Cricket Count Down'),
(956, 34, 20, 'Cricket Count Down'),
(957, 34, 21, 'Ads'),
(958, 34, 22, 'Live Ind Vs Aus Odi'),
(959, 34, 23, 'Live Ind Vs Aus Odi'),
(960, 34, 24, 'Ads'),
(961, 35, 1, 'WWE Raw'),
(962, 35, 2, 'WWE'),
(963, 35, 3, 'WWE Raw'),
(964, 35, 4, 'Sa Vs Eng Test'),
(965, 35, 5, 'WWE Raw'),
(966, 35, 6, 'WWE Raw'),
(967, 35, 7, 'Sa Vs Eng Test'),
(968, 35, 8, 'WWE'),
(969, 35, 9, 'Sa Vs Eng Test'),
(970, 35, 10, 'Sa Vs Eng Test'),
(971, 35, 11, 'Sa Vs Eng Test'),
(972, 35, 12, 'Sa Vs Eng Test'),
(973, 35, 13, 'Sa Vs Eng Test'),
(974, 35, 14, 'WWE'),
(975, 35, 15, 'WWE Raw'),
(976, 35, 16, 'WWE Raw'),
(977, 35, 17, 'WWE Raw'),
(978, 35, 18, 'WWE Raw'),
(979, 35, 19, 'WWE'),
(980, 35, 20, 'WWE Raw'),
(981, 35, 21, 'Sa Vs Eng Test'),
(982, 35, 22, 'Sa Vs Eng Test'),
(983, 35, 23, 'WWE Raw'),
(984, 35, 24, 'WWE Raw'),
(985, 36, 1, 'Sa Vs Eng Test'),
(986, 36, 2, 'WWE Raw'),
(987, 36, 3, 'Sa Vs Eng Test'),
(988, 36, 4, 'Sa Vs Eng Test'),
(989, 36, 5, 'Sa Vs Eng Test'),
(990, 36, 6, 'WWE Raw'),
(991, 36, 7, 'WWE'),
(992, 36, 8, 'Sa Vs Eng Test'),
(993, 36, 9, 'Sa Vs Eng Test'),
(994, 36, 10, 'Sa Vs Eng Test'),
(995, 36, 11, 'WWE'),
(996, 36, 12, 'WWE'),
(997, 36, 13, 'Sa Vs Eng Test'),
(998, 36, 14, 'WWE'),
(999, 36, 15, 'WWE Raw'),
(1000, 36, 16, 'WWE'),
(1001, 36, 17, 'WWE Raw'),
(1002, 36, 18, 'Sa Vs Eng Test'),
(1003, 36, 19, 'Sa Vs Eng Test'),
(1004, 36, 20, 'WWE Raw'),
(1005, 36, 21, 'WWE Raw'),
(1006, 36, 22, 'WWE Raw'),
(1007, 36, 23, 'Sa Vs Eng Test'),
(1008, 36, 24, 'WWE Raw'),
(1009, 17, 1, 'News'),
(1010, 17, 2, 'News'),
(1011, 17, 3, 'Bhakti'),
(1012, 17, 4, 'Crime News'),
(1013, 17, 5, 'Crime News'),
(1014, 17, 6, 'News'),
(1015, 17, 7, 'News'),
(1016, 17, 8, 'Bhakti'),
(1017, 17, 9, 'News'),
(1018, 17, 10, 'News'),
(1019, 17, 11, 'News'),
(1020, 17, 12, 'News'),
(1021, 17, 13, 'Crime News'),
(1022, 17, 14, 'Bhakti'),
(1023, 17, 15, 'Crime News'),
(1024, 17, 16, 'News'),
(1025, 17, 17, 'News'),
(1026, 17, 18, 'Crime News'),
(1027, 17, 19, 'News'),
(1028, 17, 20, 'News'),
(1029, 17, 21, 'Crime News'),
(1030, 17, 22, 'News'),
(1031, 17, 23, 'News'),
(1032, 17, 24, 'Bhakti'),
(1033, 18, 1, 'News'),
(1034, 18, 2, 'News'),
(1035, 18, 3, 'Crime News'),
(1036, 18, 4, 'News'),
(1037, 18, 5, 'News'),
(1038, 18, 6, 'Crime News'),
(1039, 18, 7, 'News'),
(1040, 18, 8, 'News'),
(1041, 18, 9, 'Crime News'),
(1042, 18, 10, 'News'),
(1043, 18, 11, 'News'),
(1044, 18, 12, 'News'),
(1045, 18, 13, 'Bhakti'),
(1046, 18, 14, 'News'),
(1047, 18, 15, 'Crime News'),
(1048, 18, 16, 'News'),
(1049, 18, 17, 'News'),
(1050, 18, 18, 'News'),
(1051, 18, 19, 'News'),
(1052, 18, 20, 'Bhakti'),
(1053, 18, 21, 'News'),
(1054, 18, 22, 'News'),
(1055, 18, 23, 'Bhakti'),
(1056, 18, 24, 'Crime News'),
(1057, 41, 1, 'Story Of India'),
(1058, 41, 2, 'Ramayan'),
(1059, 41, 3, 'Indian History'),
(1060, 41, 4, 'Ramayan'),
(1061, 41, 5, 'Ramayan'),
(1062, 41, 6, 'Ramayan'),
(1063, 41, 7, 'Ramayan'),
(1064, 41, 8, 'Story Of India'),
(1065, 41, 9, 'Story Of India'),
(1066, 41, 10, 'Indian History'),
(1067, 41, 11, 'Indian History'),
(1068, 41, 12, 'Indian History'),
(1069, 41, 13, 'Ramayan'),
(1070, 41, 14, 'Story Of India'),
(1071, 41, 15, 'Indian History'),
(1072, 41, 16, 'Story Of India'),
(1073, 41, 17, 'Indian History'),
(1074, 41, 18, 'Story Of India'),
(1075, 41, 19, 'Ramayan'),
(1076, 41, 20, 'Ramayan'),
(1077, 41, 21, 'Ramayan'),
(1078, 41, 22, 'Ramayan'),
(1079, 41, 23, 'Ramayan'),
(1080, 41, 24, 'Story Of India'),
(1081, 42, 1, 'Indian History'),
(1082, 42, 2, 'Ramayan'),
(1083, 42, 3, 'Indian History'),
(1084, 42, 4, 'Indian History'),
(1085, 42, 5, 'Story Of India'),
(1086, 42, 6, 'Story Of India'),
(1087, 42, 7, 'Story Of India'),
(1088, 42, 8, 'Story Of India'),
(1089, 42, 9, 'Indian History'),
(1090, 42, 10, 'Story Of India'),
(1091, 42, 11, 'Ramayan'),
(1092, 42, 12, 'Ramayan'),
(1093, 42, 13, 'Story Of India'),
(1094, 42, 14, 'Ramayan'),
(1095, 42, 15, 'Indian History'),
(1096, 42, 16, 'Story Of India'),
(1097, 42, 17, 'Ramayan'),
(1098, 42, 18, 'Indian History'),
(1099, 42, 19, 'Story Of India'),
(1100, 42, 20, 'Indian History'),
(1101, 42, 21, 'Ramayan'),
(1102, 42, 22, 'Indian History'),
(1103, 42, 23, 'Ramayan'),
(1104, 42, 24, 'Story Of India');

-- --------------------------------------------------------

--
-- Table structure for table `record_shows`
--

CREATE TABLE `record_shows` (
  `record_id` int(11) NOT NULL,
  `programe_name` varchar(50) NOT NULL,
  `time_slot_id` int(11) NOT NULL
) ENGINE=InnoDB DEFAULT CHARSET=utf8mb4 COLLATE=utf8mb4_general_ci;

-- --------------------------------------------------------

--
-- Table structure for table `time_slot`
--

CREATE TABLE `time_slot` (
  `time_slot_id` int(11) NOT NULL,
  `start_time` time NOT NULL,
  `end_time` time NOT NULL
) ENGINE=InnoDB DEFAULT CHARSET=utf8mb4 COLLATE=utf8mb4_general_ci;

--
-- Dumping data for table `time_slot`
--

INSERT INTO `time_slot` (`time_slot_id`, `start_time`, `end_time`) VALUES
(1, '00:00:00', '01:00:00'),
(2, '01:00:00', '02:00:00'),
(3, '02:00:00', '03:00:00'),
(4, '03:00:00', '04:00:00'),
(5, '04:00:00', '05:00:00'),
(6, '05:00:00', '06:00:00'),
(7, '06:00:00', '07:00:00'),
(8, '07:00:00', '08:00:00'),
(9, '08:00:00', '09:00:00'),
(10, '09:00:00', '10:00:00'),
(11, '10:00:00', '11:00:00'),
(12, '11:00:00', '12:00:00'),
(13, '12:00:00', '13:00:00'),
(14, '13:00:00', '14:00:00'),
(15, '14:00:00', '15:00:00'),
(16, '15:00:00', '16:00:00'),
(17, '16:00:00', '17:00:00'),
(18, '17:00:00', '18:00:00'),
(19, '18:00:00', '19:00:00'),
(20, '19:00:00', '20:00:00'),
(21, '20:00:00', '21:00:00'),
(22, '21:00:00', '22:00:00'),
(23, '22:00:00', '23:00:00'),
(24, '23:00:00', '00:00:00');

-- --------------------------------------------------------

--
-- Table structure for table `user`
--

CREATE TABLE `user` (
  `user_id` int(11) NOT NULL,
  `username` varchar(50) NOT NULL,
  `password` varchar(50) NOT NULL,
  `package_id` int(11) NOT NULL
) ENGINE=InnoDB DEFAULT CHARSET=utf8mb4 COLLATE=utf8mb4_general_ci;

--
-- Dumping data for table `user`
--

INSERT INTO `user` (`user_id`, `username`, `password`, `package_id`) VALUES
(1, 'rishabh', 'rishabh', 1),
(4, 'admin', 'root', 1),
(5, 'k@1234', '1234', 1);

-- --------------------------------------------------------

--
-- Structure for view `playque`
--
DROP TABLE IF EXISTS `playque`;

CREATE ALGORITHM=UNDEFINED DEFINER=`root`@`localhost` SQL SECURITY DEFINER VIEW `playque`  AS SELECT `channel`.`channel_id` AS `channel_id`, `channel`.`channel_name` AS `channel_name`, `program_routine`.`program_name` AS `program_name`, `time_slot`.`start_time` AS `start_time`, `time_slot`.`end_time` AS `end_time` FROM ((`program_routine` join `channel` on(`program_routine`.`channel_id` = `channel`.`channel_id`)) join `time_slot` on(`program_routine`.`time_slot_id` = `time_slot`.`time_slot_id`)) ;

--
-- Indexes for dumped tables
--

--
-- Indexes for table `channel`
--
ALTER TABLE `channel`
  ADD PRIMARY KEY (`channel_id`);

--
-- Indexes for table `free_channel`
--
ALTER TABLE `free_channel`
  ADD PRIMARY KEY (`free_channel_id`);

--
-- Indexes for table `hd_channel`
--
ALTER TABLE `hd_channel`
  ADD PRIMARY KEY (`hd_channel_id`);

--
-- Indexes for table `normal_channel`
--
ALTER TABLE `normal_channel`
  ADD PRIMARY KEY (`noraml_id`);

--
-- Indexes for table `program_routine`
--
ALTER TABLE `program_routine`
  ADD PRIMARY KEY (`program_id`);

--
-- Indexes for table `record_shows`
--
ALTER TABLE `record_shows`
  ADD PRIMARY KEY (`record_id`);

--
-- Indexes for table `time_slot`
--
ALTER TABLE `time_slot`
  ADD PRIMARY KEY (`time_slot_id`);

--
-- Indexes for table `user`
--
ALTER TABLE `user`
  ADD PRIMARY KEY (`user_id`),
  ADD UNIQUE KEY `username` (`username`);

--
-- AUTO_INCREMENT for dumped tables
--

--
-- AUTO_INCREMENT for table `channel`
--
ALTER TABLE `channel`
  MODIFY `channel_id` int(11) NOT NULL AUTO_INCREMENT, AUTO_INCREMENT=49;

--
-- AUTO_INCREMENT for table `free_channel`
--
ALTER TABLE `free_channel`
  MODIFY `free_channel_id` int(11) NOT NULL AUTO_INCREMENT, AUTO_INCREMENT=49;

--
-- AUTO_INCREMENT for table `hd_channel`
--
ALTER TABLE `hd_channel`
  MODIFY `hd_channel_id` int(11) NOT NULL AUTO_INCREMENT, AUTO_INCREMENT=41;

--
-- AUTO_INCREMENT for table `normal_channel`
--
ALTER TABLE `normal_channel`
  MODIFY `noraml_id` int(11) NOT NULL AUTO_INCREMENT;

--
-- AUTO_INCREMENT for table `program_routine`
--
ALTER TABLE `program_routine`
  MODIFY `program_id` int(11) NOT NULL AUTO_INCREMENT, AUTO_INCREMENT=1105;

--
-- AUTO_INCREMENT for table `record_shows`
--
ALTER TABLE `record_shows`
  MODIFY `record_id` int(11) NOT NULL AUTO_INCREMENT;

--
-- AUTO_INCREMENT for table `time_slot`
--
ALTER TABLE `time_slot`
  MODIFY `time_slot_id` int(11) NOT NULL AUTO_INCREMENT, AUTO_INCREMENT=25;

--
-- AUTO_INCREMENT for table `user`
--
ALTER TABLE `user`
  MODIFY `user_id` int(11) NOT NULL AUTO_INCREMENT, AUTO_INCREMENT=6;
COMMIT;

/*!40101 SET CHARACTER_SET_CLIENT=@OLD_CHARACTER_SET_CLIENT */;
/*!40101 SET CHARACTER_SET_RESULTS=@OLD_CHARACTER_SET_RESULTS */;
/*!40101 SET COLLATION_CONNECTION=@OLD_COLLATION_CONNECTION */;
