-- phpMyAdmin SQL Dump
-- version 5.2.1
-- https://www.phpmyadmin.net/
--
-- Host: 127.0.0.1
-- Generation Time: Aug 20, 2024 at 12:05 PM
-- Server version: 10.4.32-MariaDB
-- PHP Version: 8.2.12

SET SQL_MODE = "NO_AUTO_VALUE_ON_ZERO";
START TRANSACTION;
SET time_zone = "+00:00";


/*!40101 SET @OLD_CHARACTER_SET_CLIENT=@@CHARACTER_SET_CLIENT */;
/*!40101 SET @OLD_CHARACTER_SET_RESULTS=@@CHARACTER_SET_RESULTS */;
/*!40101 SET @OLD_COLLATION_CONNECTION=@@COLLATION_CONNECTION */;
/*!40101 SET NAMES utf8mb4 */;

--
-- Database: `tvms`
--

-- --------------------------------------------------------

--
-- Table structure for table `channel`
--

CREATE TABLE `channel` (
  `channel_id` int(11) NOT NULL,
  `channel_name` varchar(50) NOT NULL,
  `channel_type` varchar(50) NOT NULL,
  `channel_language` varchar(50) NOT NULL,
  `is_hd` tinyint(1) NOT NULL
) ENGINE=InnoDB DEFAULT CHARSET=utf8mb4 COLLATE=utf8mb4_general_ci;

--
-- Dumping data for table `channel`
--

INSERT INTO `channel` (`channel_id`, `channel_name`, `channel_type`, `channel_language`, `is_hd`) VALUES
(1, 'StarPlus', 'serial', 'hindi', 0),
(2, 'StarPlusHD', 'serial', 'hindi', 1),
(3, 'SonySab', 'comedy', 'hindi', 0),
(4, 'SonySabHD', 'comedy', 'hindi', 1),
(5, 'zeetv', 'serial', 'hindi', 0),
(6, 'zeetvHD', 'serial', 'hindi', 1),
(7, 'AndTV', 'comedy', 'hindi', 0),
(8, 'AndTvHD', 'comedy', 'hindi', 1),
(9, 'disney', 'cartoon', 'hindi', 0),
(10, 'disneyHD', 'cartoon', 'hindi', 1),
(11, 'hungama', 'cartoon', 'hindi', 0),
(12, 'hungamaHD', 'cartoon', 'hindi', 1),
(13, 'pogo', 'cartoon', 'hindi', 0),
(14, 'pogoHD', 'cartoon', 'hindi', 1),
(15, 'marvelHq', 'animation', 'english', 0),
(16, 'marvelHqHD', 'animation', 'english', 1),
(17, 'ajtak', 'news', 'hindi', 0),
(18, 'ajtakHD', 'news', 'hindi', 1),
(19, 'tv9gujarati', 'news', 'gujarati', 0),
(20, 'tv9gujaratiHD', 'news', 'gujarati', 1),
(21, 'sandesh', 'news', 'hindi', 0),
(22, 'sandeshHD', 'news', 'hindi', 1),
(23, 'timesnow', 'news', 'english', 0),
(24, 'timesnowHD', 'news', 'english', 1),
(25, 'stargold', 'movie', 'hindi', 0),
(26, 'stargoldHD', 'movie', 'hindi', 1),
(27, 'sonymax', 'movie', 'hindi', 0),
(28, 'sonymaxHD', 'movie', 'hindi', 1),
(29, 'zeecinema', 'movie', 'hindi', 0),
(30, 'zeecinemaHD', 'movie', 'hindi', 1),
(31, 'sonypix', 'movie', 'english', 0),
(32, 'sonypixHD', 'movie', 'english', 1),
(33, 'starsport1', 'sport', 'hindi', 0),
(34, 'starsport1HD', 'sport', 'hindi', 1),
(35, 'sonysport', 'sport', 'hindi', 0),
(36, 'sonysportHD', 'sport', 'hindi', 1),
(37, 'starsport2', 'sport', 'english', 0),
(38, 'starsport2HD', 'sport', 'english', 1),
(39, 'foxsports', 'sport', 'english', 0),
(40, 'foxsportsHD', 'sport', 'english', 1),
(41, 'DDnational', 'serial', 'hindi', 0),
(42, 'DDnationalHD', 'serial', 'hindi', 1),
(43, 'DDsport', 'sport', 'hindi', 0),
(44, 'DDsportHD', 'sport', 'hindi', 1),
(45, 'DDmovie', 'movie', 'hindi', 0),
(46, 'DDmovieHD', 'movie', 'hindi', 1),
(47, 'DDinternational', 'news', 'english', 0),
(48, 'DDinternationalHD', 'news', 'english', 1);

-- --------------------------------------------------------

--
-- Stand-in structure for view `currently_playing`
-- (See below for the actual view)
--
CREATE TABLE `currently_playing` (
`channel_id` int(11)
,`channel_name` varchar(50)
,`program_name` varchar(50)
,`start_time` time
,`end_time` time
);

-- --------------------------------------------------------

--
-- Table structure for table `free_channel`
--

CREATE TABLE `free_channel` (
  `free_channel_id` int(11) NOT NULL
) ENGINE=InnoDB DEFAULT CHARSET=utf8mb4 COLLATE=utf8mb4_general_ci;

--
-- Dumping data for table `free_channel`
--

INSERT INTO `free_channel` (`free_channel_id`) VALUES
(41),
(42),
(43),
(44),
(45),
(46),
(47),
(48);

-- --------------------------------------------------------

--
-- Stand-in structure for view `playque`
-- (See below for the actual view)
--
CREATE TABLE `playque` (
`channel_id` int(11)
,`channel_name` varchar(50)
,`program_name` varchar(50)
,`start_time` time
,`end_time` time
);

-- --------------------------------------------------------

--
-- Table structure for table `program_routine`
--

CREATE TABLE `program_routine` (
  `program_id` int(11) NOT NULL,
  `channel_id` int(11) NOT NULL,
  `time_slot_id` int(11) NOT NULL,
  `program_name` varchar(50) NOT NULL
) ENGINE=InnoDB DEFAULT CHARSET=utf8mb4 COLLATE=utf8mb4_general_ci;

--
-- Dumping data for table `program_routine`
--

INSERT INTO `program_routine` (`program_id`, `channel_id`, `time_slot_id`, `program_name`) VALUES
(1, 27, 1, 'Tzh'),
(2, 27, 2, 'Tzh'),
(3, 27, 3, 'Tzh'),
(4, 27, 4, 'KGF 1'),
(5, 27, 5, 'Kantara'),
(6, 27, 6, 'Bahubali 2'),
(7, 27, 7, 'Kantara'),
(8, 27, 8, 'Tzh'),
(9, 27, 9, 'KGF 1'),
(10, 27, 10, 'KGF 2'),
(11, 27, 11, 'Tzh'),
(12, 27, 12, 'Sultan'),
(13, 27, 13, 'Kantara'),
(14, 27, 14, 'Kantara'),
(15, 27, 15, 'Sultan'),
(16, 27, 16, 'KGF 1'),
(17, 27, 17, 'KGF 1'),
(18, 27, 18, 'Sultan'),
(19, 27, 19, 'Sultan'),
(20, 27, 20, 'Bahubali 1'),
(21, 27, 21, 'Sooryavansham'),
(22, 27, 22, 'Kantara'),
(23, 27, 23, 'Tzh'),
(24, 27, 24, 'KGF 2'),
(25, 28, 1, 'KGF 2'),
(26, 28, 2, 'Bahubali 1'),
(27, 28, 3, 'KGF 2'),
(28, 28, 4, 'Tzh'),
(29, 28, 5, 'Kantara'),
(30, 28, 6, 'Sultan'),
(31, 28, 7, 'KGF 1'),
(32, 28, 8, 'Bahubali 2'),
(33, 28, 9, 'KGF 1'),
(34, 28, 10, 'Sooryavansham'),
(35, 28, 11, 'Kantara'),
(36, 28, 12, 'Bahubali 2'),
(37, 28, 13, 'Bahubali 1'),
(38, 28, 14, 'KGF 1'),
(39, 28, 15, 'Sultan'),
(40, 28, 16, 'Bahubali 2'),
(41, 28, 17, 'Sooryavansham'),
(42, 28, 18, 'Kantara'),
(43, 28, 19, 'Bahubali 1'),
(44, 28, 20, 'Bahubali 1'),
(45, 28, 21, 'Tzh'),
(46, 28, 22, 'Bahubali 1'),
(47, 28, 23, 'KGF 2'),
(48, 28, 24, 'KGF 1'),
(49, 39, 1, 'Sports'),
(50, 39, 2, 'Olympics'),
(51, 39, 3, 'Olympics'),
(52, 39, 4, 'Olympics'),
(53, 39, 5, 'Olympics'),
(54, 39, 6, 'Sports'),
(55, 39, 7, 'Cricket'),
(56, 39, 8, 'Cricket'),
(57, 39, 9, 'Olympics'),
(58, 39, 10, 'Olympics'),
(59, 39, 11, 'Olympics'),
(60, 39, 12, 'Cricket'),
(61, 39, 13, 'Cricket'),
(62, 39, 14, 'Sports'),
(63, 39, 15, 'Olympics'),
(64, 39, 16, 'Olympics'),
(65, 39, 17, 'Sports'),
(66, 39, 18, 'Olympics'),
(67, 39, 19, 'Sports'),
(68, 39, 20, 'Sports'),
(69, 39, 21, 'Cricket'),
(70, 39, 22, 'Olympics'),
(71, 39, 23, 'Sports'),
(72, 39, 24, 'Olympics'),
(73, 40, 1, 'Olympics'),
(74, 40, 2, 'Cricket'),
(75, 40, 3, 'Cricket'),
(76, 40, 4, 'Cricket'),
(77, 40, 5, 'Cricket'),
(78, 40, 6, 'Cricket'),
(79, 40, 7, 'Sports'),
(80, 40, 8, 'Sports'),
(81, 40, 9, 'Cricket'),
(82, 40, 10, 'Cricket'),
(83, 40, 11, 'Cricket'),
(84, 40, 12, 'Sports'),
(85, 40, 13, 'Sports'),
(86, 40, 14, 'Sports'),
(87, 40, 15, 'Cricket'),
(88, 40, 16, 'Sports'),
(89, 40, 17, 'Cricket'),
(90, 40, 18, 'Olympics'),
(91, 40, 19, 'Sports'),
(92, 40, 20, 'Sports'),
(93, 40, 21, 'Sports'),
(94, 40, 22, 'Olympics'),
(95, 40, 23, 'Cricket'),
(96, 40, 24, 'Sports'),
(97, 11, 1, 'Pokemon'),
(98, 11, 2, 'Old Shinchan'),
(99, 11, 3, 'Shinchan Movie'),
(100, 11, 4, 'Shinchan'),
(101, 11, 5, 'Shinchan'),
(102, 11, 6, 'Pokemon'),
(103, 11, 7, 'Pokemon'),
(104, 11, 8, 'Old Shinchan'),
(105, 11, 9, 'Old Shinchan'),
(106, 11, 10, 'Old Shinchan'),
(107, 11, 11, 'Shinchan'),
(108, 11, 12, 'Shinchan Movie'),
(109, 11, 13, 'Shinchan'),
(110, 11, 14, 'Shinchan'),
(111, 11, 15, 'Shinchan Movie'),
(112, 11, 16, 'Old Shinchan'),
(113, 11, 17, 'Shinchan Movie'),
(114, 11, 18, 'Old Shinchan'),
(115, 11, 19, 'Shinchan Movie'),
(116, 11, 20, 'Pokemon'),
(117, 11, 21, 'Pokemon'),
(118, 11, 22, 'Shinchan Movie'),
(119, 11, 23, 'Shinchan'),
(120, 11, 24, 'Old Shinchan'),
(121, 12, 1, 'Old Shinchan'),
(122, 12, 2, 'Old Shinchan'),
(123, 12, 3, 'Pokemon'),
(124, 12, 4, 'Pokemon'),
(125, 12, 5, 'Shinchan Movie'),
(126, 12, 6, 'Shinchan Movie'),
(127, 12, 7, 'Pokemon'),
(128, 12, 8, 'Pokemon'),
(129, 12, 9, 'Old Shinchan'),
(130, 12, 10, 'Old Shinchan'),
(131, 12, 11, 'Pokemon'),
(132, 12, 12, 'Shinchan Movie'),
(133, 12, 13, 'Pokemon'),
(134, 12, 14, 'Shinchan Movie'),
(135, 12, 15, 'Shinchan'),
(136, 12, 16, 'Shinchan Movie'),
(137, 12, 17, 'Pokemon'),
(138, 12, 18, 'Pokemon'),
(139, 12, 19, 'Shinchan'),
(140, 12, 20, 'Pokemon'),
(141, 12, 21, 'Shinchan Movie'),
(142, 12, 22, 'Shinchan'),
(143, 12, 23, 'Shinchan'),
(144, 12, 24, 'Shinchan'),
(145, 37, 1, 'Cricket Count Down'),
(146, 37, 2, 'Cricket Count Down'),
(147, 37, 3, 'Cricket Count Down'),
(148, 37, 4, 'Cricket Count Down'),
(149, 37, 5, 'Highlights'),
(150, 37, 6, 'Live Sa Vs Ban Odi'),
(151, 37, 7, 'Live Sa Vs Ban Odi'),
(152, 37, 8, 'Highlights'),
(153, 37, 9, 'Cricket Count Down'),
(154, 37, 10, 'Live Sa Vs Ban Odi'),
(155, 37, 11, 'Highlights'),
(156, 37, 12, 'Cricket Count Down'),
(157, 37, 13, 'Highlights'),
(158, 37, 14, 'Highlights'),
(159, 37, 15, 'Cricket Count Down'),
(160, 37, 16, 'Live Sa Vs Ban Odi'),
(161, 37, 17, 'Live Sa Vs Ban Odi'),
(162, 37, 18, 'Cricket Count Down'),
(163, 37, 19, 'Cricket Count Down'),
(164, 37, 20, 'Cricket Count Down'),
(165, 37, 21, 'Live Sa Vs Ban Odi'),
(166, 37, 22, 'Highlights'),
(167, 37, 23, 'Highlights'),
(168, 37, 24, 'Cricket Count Down'),
(169, 38, 1, 'Cricket Count Down'),
(170, 38, 2, 'Highlights'),
(171, 38, 3, 'Cricket Count Down'),
(172, 38, 4, 'Live Sa Vs Ban Odi'),
(173, 38, 5, 'Live Sa Vs Ban Odi'),
(174, 38, 6, 'Highlights'),
(175, 38, 7, 'Live Sa Vs Ban Odi'),
(176, 38, 8, 'Live Sa Vs Ban Odi'),
(177, 38, 9, 'Live Sa Vs Ban Odi'),
(178, 38, 10, 'Highlights'),
(179, 38, 11, 'Live Sa Vs Ban Odi'),
(180, 38, 12, 'Highlights'),
(181, 38, 13, 'Highlights'),
(182, 38, 14, 'Cricket Count Down'),
(183, 38, 15, 'Live Sa Vs Ban Odi'),
(184, 38, 16, 'Live Sa Vs Ban Odi'),
(185, 38, 17, 'Live Sa Vs Ban Odi'),
(186, 38, 18, 'Cricket Count Down'),
(187, 38, 19, 'Highlights'),
(188, 38, 20, 'Highlights'),
(189, 38, 21, 'Cricket Count Down'),
(190, 38, 22, 'Live Sa Vs Ban Odi'),
(191, 38, 23, 'Cricket Count Down'),
(192, 38, 24, 'Cricket Count Down'),
(193, 25, 1, 'Dil To Pagal Hai'),
(194, 25, 2, 'Shang-Chi'),
(195, 25, 3, 'DDLJ'),
(196, 25, 4, 'DDLJ'),
(197, 25, 5, 'Singham'),
(198, 25, 6, 'Golmaal Returns'),
(199, 25, 7, 'DDLJ'),
(200, 25, 8, 'Prem Ratan Dhan Payo'),
(201, 25, 9, 'DDLJ'),
(202, 25, 10, 'DDLJ'),
(203, 25, 11, 'Singham'),
(204, 25, 12, 'Golmaal Returns'),
(205, 25, 13, 'Golmaal Returns'),
(206, 25, 14, 'DDLJ'),
(207, 25, 15, 'Golmaal Returns'),
(208, 25, 16, 'Shang-Chi'),
(209, 25, 17, 'Bhool Bhulaiyaa 2'),
(210, 25, 18, 'Bhool Bhulaiyaa'),
(211, 25, 19, 'Golmaal Returns'),
(212, 25, 20, 'Prem Ratan Dhan Payo'),
(213, 25, 21, 'Prem Ratan Dhan Payo'),
(214, 25, 22, 'Shang-Chi'),
(215, 25, 23, 'Shang-Chi'),
(216, 25, 24, 'Dil To Pagal Hai'),
(217, 26, 1, 'Bhool Bhulaiyaa'),
(218, 26, 2, 'Bhool Bhulaiyaa 2'),
(219, 26, 3, 'DDLJ'),
(220, 26, 4, 'Dil To Pagal Hai'),
(221, 26, 5, 'DDLJ'),
(222, 26, 6, 'Prem Ratan Dhan Payo'),
(223, 26, 7, 'Golmaal Returns'),
(224, 26, 8, 'DDLJ'),
(225, 26, 9, 'Dil To Pagal Hai'),
(226, 26, 10, 'Shang-Chi'),
(227, 26, 11, 'DDLJ'),
(228, 26, 12, 'Dil To Pagal Hai'),
(229, 26, 13, 'Dil To Pagal Hai'),
(230, 26, 14, 'Golmaal Returns'),
(231, 26, 15, 'Bhool Bhulaiyaa'),
(232, 26, 16, 'Golmaal Returns'),
(233, 26, 17, 'DDLJ'),
(234, 26, 18, 'Singham'),
(235, 26, 19, 'Singham'),
(236, 26, 20, 'Golmaal Returns'),
(237, 26, 21, 'Singham'),
(238, 26, 22, 'Golmaal Returns'),
(239, 26, 23, 'Golmaal Returns'),
(240, 26, 24, 'Shang-Chi'),
(241, 31, 1, 'Avengers'),
(242, 31, 2, 'Avengers Endgame'),
(243, 31, 3, 'Thor'),
(244, 31, 4, 'Avengers Infinity War'),
(245, 31, 5, 'John Wick'),
(246, 31, 6, 'Avengers Age Of Ultron'),
(247, 31, 7, 'Avengers Endgame'),
(248, 31, 8, 'Incredible 2'),
(249, 31, 9, 'Avengers Age Of Ultron'),
(250, 31, 10, 'Avengers'),
(251, 31, 11, 'Avengers Endgame'),
(252, 31, 12, 'Avengers Age Of Ultron'),
(253, 31, 13, 'Incredible 2'),
(254, 31, 14, 'Incredible 2'),
(255, 31, 15, 'Thor'),
(256, 31, 16, 'John Wick'),
(257, 31, 17, 'Avengers Infinity War'),
(258, 31, 18, 'Thor'),
(259, 31, 19, 'Avengers Infinity War'),
(260, 31, 20, 'Thor'),
(261, 31, 21, 'Incredible 2'),
(262, 31, 22, 'Fast And Furious'),
(263, 31, 23, 'Thor'),
(264, 31, 24, 'Avengers'),
(265, 32, 1, 'Fast And Furious'),
(266, 32, 2, 'Avengers'),
(267, 32, 3, 'Fast And Furious'),
(268, 32, 4, 'Avengers Endgame'),
(269, 32, 5, 'Avengers Endgame'),
(270, 32, 6, 'Fast And Furious'),
(271, 32, 7, 'Incredible 2'),
(272, 32, 8, 'Avengers Infinity War'),
(273, 32, 9, 'Avengers Infinity War'),
(274, 32, 10, 'Avengers Endgame'),
(275, 32, 11, 'Avengers'),
(276, 32, 12, 'Avengers Infinity War'),
(277, 32, 13, 'Avengers Age Of Ultron'),
(278, 32, 14, 'Avengers Infinity War'),
(279, 32, 15, 'John Wick'),
(280, 32, 16, 'Avengers Infinity War'),
(281, 32, 17, 'Fast And Furious'),
(282, 32, 18, 'Avengers Infinity War'),
(283, 32, 19, 'John Wick'),
(284, 32, 20, 'Thor'),
(285, 32, 21, 'Fast And Furious'),
(286, 32, 22, 'Avengers'),
(287, 32, 23, 'Avengers Endgame'),
(288, 32, 24, 'Avengers Age Of Ultron'),
(289, 23, 1, 'News'),
(290, 23, 2, 'Times News'),
(291, 23, 3, 'Times News'),
(292, 23, 4, 'Times News'),
(293, 23, 5, 'Times News'),
(294, 23, 6, 'Times News'),
(295, 23, 7, 'News'),
(296, 23, 8, 'News'),
(297, 23, 9, 'Times News'),
(298, 23, 10, 'News'),
(299, 23, 11, 'News'),
(300, 23, 12, 'News'),
(301, 23, 13, 'Times News'),
(302, 23, 14, 'Times News'),
(303, 23, 15, 'News'),
(304, 23, 16, 'Times News'),
(305, 23, 17, 'News'),
(306, 23, 18, 'Times News'),
(307, 23, 19, 'News'),
(308, 23, 20, 'News'),
(309, 23, 21, 'News'),
(310, 23, 22, 'Times News'),
(311, 23, 23, 'News'),
(312, 23, 24, 'News'),
(313, 24, 1, 'News'),
(314, 24, 2, 'Times News'),
(315, 24, 3, 'News'),
(316, 24, 4, 'Times News'),
(317, 24, 5, 'Times News'),
(318, 24, 6, 'Times News'),
(319, 24, 7, 'Times News'),
(320, 24, 8, 'News'),
(321, 24, 9, 'Times News'),
(322, 24, 10, 'Times News'),
(323, 24, 11, 'Times News'),
(324, 24, 12, 'News'),
(325, 24, 13, 'Times News'),
(326, 24, 14, 'Times News'),
(327, 24, 15, 'Times News'),
(328, 24, 16, 'Times News'),
(329, 24, 17, 'Times News'),
(330, 24, 18, 'News'),
(331, 24, 19, 'Times News'),
(332, 24, 20, 'Times News'),
(333, 24, 21, 'Times News'),
(334, 24, 22, 'Times News'),
(335, 24, 23, 'Times News'),
(336, 24, 24, 'News'),
(337, 1, 1, 'Anupama'),
(338, 1, 2, 'Maati Se Bandhi'),
(339, 1, 3, 'Naaptol'),
(340, 1, 4, 'Yeh Rishata Kya Kahelata Hai'),
(341, 1, 5, 'Naaptol'),
(342, 1, 6, 'Yehh Jadu Hai Jin Ka'),
(343, 1, 7, 'Yeh Rishata Kya Kahelata Hai'),
(344, 1, 8, 'Yehh Jadu Hai Jin Ka'),
(345, 1, 9, 'Gum Hai Kisi Ke Pyar Main'),
(346, 1, 10, 'Yeh Rishata Kya Kahelata Hai'),
(347, 1, 11, 'Anupama'),
(348, 1, 12, 'Yehh Jadu Hai Jin Ka'),
(349, 1, 13, 'Gum Hai Kisi Ke Pyar Main'),
(350, 1, 14, 'Gum Hai Kisi Ke Pyar Main'),
(351, 1, 15, 'Mahabharat'),
(352, 1, 16, 'Gum Hai Kisi Ke Pyar Main'),
(353, 1, 17, 'Sath Nibhana Sathiya'),
(354, 1, 18, 'Anupama'),
(355, 1, 19, 'Maati Se Bandhi'),
(356, 1, 20, 'Gum Hai Kisi Ke Pyar Main'),
(357, 1, 21, 'Naaptol'),
(358, 1, 22, 'Naaptol'),
(359, 1, 23, 'Naaptol'),
(360, 1, 24, 'Gum Hai Kisi Ke Pyar Main'),
(361, 2, 1, 'Gum Hai Kisi Ke Pyar Main'),
(362, 2, 2, 'Anupama'),
(363, 2, 3, 'Mahabharat'),
(364, 2, 4, 'Anupama'),
(365, 2, 5, 'Gum Hai Kisi Ke Pyar Main'),
(366, 2, 6, 'Gum Hai Kisi Ke Pyar Main'),
(367, 2, 7, 'Yehh Jadu Hai Jin Ka'),
(368, 2, 8, 'Mahabharat'),
(369, 2, 9, 'Gum Hai Kisi Ke Pyar Main'),
(370, 2, 10, 'Sath Nibhana Sathiya'),
(371, 2, 11, 'Naaptol'),
(372, 2, 12, 'Mahabharat'),
(373, 2, 13, 'Mahabharat'),
(374, 2, 14, 'Naaptol'),
(375, 2, 15, 'Mahabharat'),
(376, 2, 16, 'Yeh Rishata Kya Kahelata Hai'),
(377, 2, 17, 'Mahabharat'),
(378, 2, 18, 'Gum Hai Kisi Ke Pyar Main'),
(379, 2, 19, 'Yeh Rishata Kya Kahelata Hai'),
(380, 2, 20, 'Naaptol'),
(381, 2, 21, 'Maati Se Bandhi'),
(382, 2, 22, 'Maati Se Bandhi'),
(383, 2, 23, 'Maati Se Bandhi'),
(384, 2, 24, 'Anupama'),
(385, 47, 1, 'Man Vs Wild'),
(386, 47, 2, 'International Crime News'),
(387, 47, 3, 'International Crime News'),
(388, 47, 4, 'International Crime News'),
(389, 47, 5, 'Man Vs Wild'),
(390, 47, 6, 'News International'),
(391, 47, 7, 'International Crime News'),
(392, 47, 8, 'Man Vs Wild'),
(393, 47, 9, 'News International'),
(394, 47, 10, 'Man Vs Wild'),
(395, 47, 11, 'News International'),
(396, 47, 12, 'News International'),
(397, 47, 13, 'International Crime News'),
(398, 47, 14, 'News International'),
(399, 47, 15, 'News International'),
(400, 47, 16, 'International Crime News'),
(401, 47, 17, 'Man Vs Wild'),
(402, 47, 18, 'News International'),
(403, 47, 19, 'International Crime News'),
(404, 47, 20, 'Man Vs Wild'),
(405, 47, 21, 'Man Vs Wild'),
(406, 47, 22, 'International Crime News'),
(407, 47, 23, 'News International'),
(408, 47, 24, 'International Crime News'),
(409, 48, 1, 'News International'),
(410, 48, 2, 'International Crime News'),
(411, 48, 3, 'News International'),
(412, 48, 4, 'International Crime News'),
(413, 48, 5, 'Man Vs Wild'),
(414, 48, 6, 'International Crime News'),
(415, 48, 7, 'News International'),
(416, 48, 8, 'Man Vs Wild'),
(417, 48, 9, 'News International'),
(418, 48, 10, 'News International'),
(419, 48, 11, 'Man Vs Wild'),
(420, 48, 12, 'International Crime News'),
(421, 48, 13, 'Man Vs Wild'),
(422, 48, 14, 'International Crime News'),
(423, 48, 15, 'Man Vs Wild'),
(424, 48, 16, 'News International'),
(425, 48, 17, 'News International'),
(426, 48, 18, 'News International'),
(427, 48, 19, 'News International'),
(428, 48, 20, 'International Crime News'),
(429, 48, 21, 'International Crime News'),
(430, 48, 22, 'Man Vs Wild'),
(431, 48, 23, 'Man Vs Wild'),
(432, 48, 24, 'Man Vs Wild'),
(433, 43, 1, 'Sports'),
(434, 43, 2, 'Olympics'),
(435, 43, 3, 'Sports'),
(436, 43, 4, 'Sports'),
(437, 43, 5, 'Sports'),
(438, 43, 6, 'Sports'),
(439, 43, 7, 'Sports'),
(440, 43, 8, 'Olympics'),
(441, 43, 9, 'Sports'),
(442, 43, 10, 'Sports'),
(443, 43, 11, 'Sports'),
(444, 43, 12, 'Olympics'),
(445, 43, 13, 'Olympics'),
(446, 43, 14, 'Sports'),
(447, 43, 15, 'Sports'),
(448, 43, 16, 'Sports'),
(449, 43, 17, 'Sports'),
(450, 43, 18, 'Olympics'),
(451, 43, 19, 'Sports'),
(452, 43, 20, 'Sports'),
(453, 43, 21, 'Olympics'),
(454, 43, 22, 'Sports'),
(455, 43, 23, 'Olympics'),
(456, 43, 24, 'Sports'),
(457, 44, 1, 'Sports'),
(458, 44, 2, 'Olympics'),
(459, 44, 3, 'Sports'),
(460, 44, 4, 'Sports'),
(461, 44, 5, 'Sports'),
(462, 44, 6, 'Olympics'),
(463, 44, 7, 'Sports'),
(464, 44, 8, 'Olympics'),
(465, 44, 9, 'Sports'),
(466, 44, 10, 'Olympics'),
(467, 44, 11, 'Sports'),
(468, 44, 12, 'Sports'),
(469, 44, 13, 'Olympics'),
(470, 44, 14, 'Sports'),
(471, 44, 15, 'Olympics'),
(472, 44, 16, 'Olympics'),
(473, 44, 17, 'Sports'),
(474, 44, 18, 'Olympics'),
(475, 44, 19, 'Sports'),
(476, 44, 20, 'Sports'),
(477, 44, 21, 'Olympics'),
(478, 44, 22, 'Olympics'),
(479, 44, 23, 'Sports'),
(480, 44, 24, 'Sports'),
(481, 3, 1, 'Tmkoc'),
(482, 3, 2, 'Vanshaj'),
(483, 3, 3, 'Dhruv Tara'),
(484, 3, 4, 'Dhruv Tara'),
(485, 3, 5, 'Tmkoc'),
(486, 3, 6, 'Dhruv Tara'),
(487, 3, 7, 'Jijachat Pe Hai'),
(488, 3, 8, 'Tmkoc'),
(489, 3, 9, 'Jijachat Pe Hai'),
(490, 3, 10, 'Vanshaj'),
(491, 3, 11, 'Pushpa Impossible'),
(492, 3, 12, 'Dhruv Tara'),
(493, 3, 13, 'Pushpa Impossible'),
(494, 3, 14, 'Vanshaj'),
(495, 3, 15, 'Dhruv Tara'),
(496, 3, 16, 'Naaptol'),
(497, 3, 17, 'Naaptol'),
(498, 3, 18, 'Dhruv Tara'),
(499, 3, 19, 'Naaptol'),
(500, 3, 20, 'Tmkoc'),
(501, 3, 21, 'Tmkoc'),
(502, 3, 22, 'Naaptol'),
(503, 3, 23, 'Naaptol'),
(504, 3, 24, 'Tmkoc'),
(505, 4, 1, 'Pushpa Impossible'),
(506, 4, 2, 'Tmkoc'),
(507, 4, 3, 'Vanshaj'),
(508, 4, 4, 'Jijachat Pe Hai'),
(509, 4, 5, 'Tmkoc'),
(510, 4, 6, 'Vanshaj'),
(511, 4, 7, 'Jijachat Pe Hai'),
(512, 4, 8, 'Pushpa Impossible'),
(513, 4, 9, 'Naaptol'),
(514, 4, 10, 'Tmkoc'),
(515, 4, 11, 'Pushpa Impossible'),
(516, 4, 12, 'Dhruv Tara'),
(517, 4, 13, 'Naaptol'),
(518, 4, 14, 'Tmkoc'),
(519, 4, 15, 'Vanshaj'),
(520, 4, 16, 'Naaptol'),
(521, 4, 17, 'Dhruv Tara'),
(522, 4, 18, 'Dhruv Tara'),
(523, 4, 19, 'Naaptol'),
(524, 4, 20, 'Naaptol'),
(525, 4, 21, 'Tmkoc'),
(526, 4, 22, 'Naaptol'),
(527, 4, 23, 'Naaptol'),
(528, 4, 24, 'Tmkoc'),
(529, 7, 1, 'Naaptol'),
(530, 7, 2, 'Happu Ki Ultan Palan'),
(531, 7, 3, 'Naaptol'),
(532, 7, 4, 'Bjpgph'),
(533, 7, 5, 'Bjpgph'),
(534, 7, 6, 'Bjpgph'),
(535, 7, 7, 'Bjpgph'),
(536, 7, 8, 'Happu Ki Ultan Palan'),
(537, 7, 9, 'Bjpgph'),
(538, 7, 10, 'Happu Ki Ultan Palan'),
(539, 7, 11, 'Bjpgph'),
(540, 7, 12, 'Happu Ki Ultan Palan'),
(541, 7, 13, 'Naaptol'),
(542, 7, 14, 'Happu Ki Ultan Palan'),
(543, 7, 15, 'Bjpgph'),
(544, 7, 16, 'Naaptol'),
(545, 7, 17, 'Bjpgph'),
(546, 7, 18, 'Happu Ki Ultan Palan'),
(547, 7, 19, 'Bjpgph'),
(548, 7, 20, 'Naaptol'),
(549, 7, 21, 'Happu Ki Ultan Palan'),
(550, 7, 22, 'Happu Ki Ultan Palan'),
(551, 7, 23, 'Naaptol'),
(552, 7, 24, 'Bjpgph'),
(553, 8, 1, 'Bjpgph'),
(554, 8, 2, 'Bjpgph'),
(555, 8, 3, 'Happu Ki Ultan Palan'),
(556, 8, 4, 'Happu Ki Ultan Palan'),
(557, 8, 5, 'Naaptol'),
(558, 8, 6, 'Naaptol'),
(559, 8, 7, 'Naaptol'),
(560, 8, 8, 'Bjpgph'),
(561, 8, 9, 'Naaptol'),
(562, 8, 10, 'Naaptol'),
(563, 8, 11, 'Bjpgph'),
(564, 8, 12, 'Happu Ki Ultan Palan'),
(565, 8, 13, 'Naaptol'),
(566, 8, 14, 'Happu Ki Ultan Palan'),
(567, 8, 15, 'Naaptol'),
(568, 8, 16, 'Naaptol'),
(569, 8, 17, 'Happu Ki Ultan Palan'),
(570, 8, 18, 'Naaptol'),
(571, 8, 19, 'Naaptol'),
(572, 8, 20, 'Naaptol'),
(573, 8, 21, 'Naaptol'),
(574, 8, 22, 'Bjpgph'),
(575, 8, 23, 'Bjpgph'),
(576, 8, 24, 'Happu Ki Ultan Palan'),
(577, 13, 1, 'Krishna And Balram'),
(578, 13, 2, 'Krishna And Balram'),
(579, 13, 3, 'Chhota Bheem'),
(580, 13, 4, 'Super Bheem'),
(581, 13, 5, 'Takeshi\'s Castle'),
(582, 13, 6, 'Super Bheem'),
(583, 13, 7, 'Krishna And Balram'),
(584, 13, 8, 'Super Bheem'),
(585, 13, 9, 'Super Bheem'),
(586, 13, 10, 'Chhota Bheem'),
(587, 13, 11, 'Takeshi\'s Castle'),
(588, 13, 12, 'Krishna And Balram'),
(589, 13, 13, 'Chhota Bheem'),
(590, 13, 14, 'Super Bheem'),
(591, 13, 15, 'Takeshi\'s Castle'),
(592, 13, 16, 'Takeshi\'s Castle'),
(593, 13, 17, 'Chhota Bheem'),
(594, 13, 18, 'Takeshi\'s Castle'),
(595, 13, 19, 'Chhota Bheem'),
(596, 13, 20, 'Krishna And Balram'),
(597, 13, 21, 'Krishna And Balram'),
(598, 13, 22, 'Chhota Bheem'),
(599, 13, 23, 'Chhota Bheem'),
(600, 13, 24, 'Super Bheem'),
(601, 14, 1, 'Krishna And Balram'),
(602, 14, 2, 'Takeshi\'s Castle'),
(603, 14, 3, 'Chhota Bheem'),
(604, 14, 4, 'Chhota Bheem'),
(605, 14, 5, 'Super Bheem'),
(606, 14, 6, 'Super Bheem'),
(607, 14, 7, 'Takeshi\'s Castle'),
(608, 14, 8, 'Krishna And Balram'),
(609, 14, 9, 'Super Bheem'),
(610, 14, 10, 'Super Bheem'),
(611, 14, 11, 'Takeshi\'s Castle'),
(612, 14, 12, 'Takeshi\'s Castle'),
(613, 14, 13, 'Chhota Bheem'),
(614, 14, 14, 'Super Bheem'),
(615, 14, 15, 'Chhota Bheem'),
(616, 14, 16, 'Takeshi\'s Castle'),
(617, 14, 17, 'Krishna And Balram'),
(618, 14, 18, 'Super Bheem'),
(619, 14, 19, 'Super Bheem'),
(620, 14, 20, 'Super Bheem'),
(621, 14, 21, 'Takeshi\'s Castle'),
(622, 14, 22, 'Takeshi\'s Castle'),
(623, 14, 23, 'Takeshi\'s Castle'),
(624, 14, 24, 'Takeshi\'s Castle'),
(625, 19, 1, 'News'),
(626, 19, 2, 'Bhakti Ma Thai Jao Lin'),
(627, 19, 3, 'News'),
(628, 19, 4, 'Bhakti Ma Thai Jao Lin'),
(629, 19, 5, 'Crime Report'),
(630, 19, 6, 'Crime Report'),
(631, 19, 7, 'Crime Report'),
(632, 19, 8, 'News'),
(633, 19, 9, 'Crime Report'),
(634, 19, 10, 'Bhakti Ma Thai Jao Lin'),
(635, 19, 11, 'News'),
(636, 19, 12, 'Bhakti Ma Thai Jao Lin'),
(637, 19, 13, 'News'),
(638, 19, 14, 'Crime Report'),
(639, 19, 15, 'Bhakti Ma Thai Jao Lin'),
(640, 19, 16, 'Crime Report'),
(641, 19, 17, 'News'),
(642, 19, 18, 'Bhakti Ma Thai Jao Lin'),
(643, 19, 19, 'Bhakti Ma Thai Jao Lin'),
(644, 19, 20, 'Bhakti Ma Thai Jao Lin'),
(645, 19, 21, 'Bhakti Ma Thai Jao Lin'),
(646, 19, 22, 'News'),
(647, 19, 23, 'News'),
(648, 19, 24, 'News'),
(649, 20, 1, 'Crime Report'),
(650, 20, 2, 'News'),
(651, 20, 3, 'Bhakti Ma Thai Jao Lin'),
(652, 20, 4, 'Bhakti Ma Thai Jao Lin'),
(653, 20, 5, 'News'),
(654, 20, 6, 'News'),
(655, 20, 7, 'News'),
(656, 20, 8, 'News'),
(657, 20, 9, 'News'),
(658, 20, 10, 'Bhakti Ma Thai Jao Lin'),
(659, 20, 11, 'News'),
(660, 20, 12, 'Crime Report'),
(661, 20, 13, 'Bhakti Ma Thai Jao Lin'),
(662, 20, 14, 'News'),
(663, 20, 15, 'Crime Report'),
(664, 20, 16, 'Bhakti Ma Thai Jao Lin'),
(665, 20, 17, 'Bhakti Ma Thai Jao Lin'),
(666, 20, 18, 'News'),
(667, 20, 19, 'Bhakti Ma Thai Jao Lin'),
(668, 20, 20, 'News'),
(669, 20, 21, 'News'),
(670, 20, 22, 'News'),
(671, 20, 23, 'Bhakti Ma Thai Jao Lin'),
(672, 20, 24, 'News'),
(673, 45, 1, 'Movie'),
(674, 45, 2, 'Movie'),
(675, 45, 3, 'Movie'),
(676, 45, 4, 'Movie'),
(677, 45, 5, 'Movie'),
(678, 45, 6, 'Movie'),
(679, 45, 7, 'Movie'),
(680, 45, 8, 'Movie'),
(681, 45, 9, 'Movie'),
(682, 45, 10, 'Movie'),
(683, 45, 11, 'Movie'),
(684, 45, 12, 'Movie'),
(685, 45, 13, 'Movie'),
(686, 45, 14, 'Movie'),
(687, 45, 15, 'Movie'),
(688, 45, 16, 'Movie'),
(689, 45, 17, 'Movie'),
(690, 45, 18, 'Movie'),
(691, 45, 19, 'Movie'),
(692, 45, 20, 'Movie'),
(693, 45, 21, 'Movie'),
(694, 45, 22, 'Movie'),
(695, 45, 23, 'Movie'),
(696, 45, 24, 'Movie'),
(697, 46, 1, 'Movie'),
(698, 46, 2, 'Movie'),
(699, 46, 3, 'Movie'),
(700, 46, 4, 'Movie'),
(701, 46, 5, 'Movie'),
(702, 46, 6, 'Movie'),
(703, 46, 7, 'Movie'),
(704, 46, 8, 'Movie'),
(705, 46, 9, 'Movie'),
(706, 46, 10, 'Movie'),
(707, 46, 11, 'Movie'),
(708, 46, 12, 'Movie'),
(709, 46, 13, 'Movie'),
(710, 46, 14, 'Movie'),
(711, 46, 15, 'Movie'),
(712, 46, 16, 'Movie'),
(713, 46, 17, 'Movie'),
(714, 46, 18, 'Movie'),
(715, 46, 19, 'Movie'),
(716, 46, 20, 'Movie'),
(717, 46, 21, 'Movie'),
(718, 46, 22, 'Movie'),
(719, 46, 23, 'Movie'),
(720, 46, 24, 'Movie'),
(721, 9, 1, 'Doremon'),
(722, 9, 2, 'Doremon Movie: Magical 3 Sword Man'),
(723, 9, 3, 'Doremon'),
(724, 9, 4, 'Best Of Luck Nikki'),
(725, 9, 5, 'Doremon Movie: Magical 3 Sword Man'),
(726, 9, 6, 'Doremon'),
(727, 9, 7, 'Doremon'),
(728, 9, 8, 'Doremon'),
(729, 9, 9, 'Doremon'),
(730, 9, 10, 'Doremon'),
(731, 9, 11, 'Doremon'),
(732, 9, 12, 'Best Of Luck Nikki'),
(733, 9, 13, 'Best Of Luck Nikki'),
(734, 9, 14, 'Doremon Movie: Magical 3 Sword Man'),
(735, 9, 15, 'Doremon'),
(736, 9, 16, 'Doremon Movie: Magical 3 Sword Man'),
(737, 9, 17, 'Doremon'),
(738, 9, 18, 'Doremon Movie: Magical 3 Sword Man'),
(739, 9, 19, 'Doremon Movie: Magical 3 Sword Man'),
(740, 9, 20, 'Doremon Movie: Magical 3 Sword Man'),
(741, 9, 21, 'Doremon'),
(742, 9, 22, 'Best Of Luck Nikki'),
(743, 9, 23, 'Doremon'),
(744, 9, 24, 'Doremon'),
(745, 10, 1, 'Doremon'),
(746, 10, 2, 'Doremon Movie: Magical 3 Sword Man'),
(747, 10, 3, 'Doremon'),
(748, 10, 4, 'Doremon'),
(749, 10, 5, 'Doremon'),
(750, 10, 6, 'Doremon'),
(751, 10, 7, 'Doremon'),
(752, 10, 8, 'Doremon'),
(753, 10, 9, 'Doremon Movie: Magical 3 Sword Man'),
(754, 10, 10, 'Best Of Luck Nikki'),
(755, 10, 11, 'Doremon Movie: Magical 3 Sword Man'),
(756, 10, 12, 'Doremon'),
(757, 10, 13, 'Doremon'),
(758, 10, 14, 'Doremon Movie: Magical 3 Sword Man'),
(759, 10, 15, 'Best Of Luck Nikki'),
(760, 10, 16, 'Doremon Movie: Magical 3 Sword Man'),
(761, 10, 17, 'Best Of Luck Nikki'),
(762, 10, 18, 'Doremon Movie: Magical 3 Sword Man'),
(763, 10, 19, 'Doremon Movie: Magical 3 Sword Man'),
(764, 10, 20, 'Best Of Luck Nikki'),
(765, 10, 21, 'Doremon Movie: Magical 3 Sword Man'),
(766, 10, 22, 'Doremon'),
(767, 10, 23, 'Doremon'),
(768, 10, 24, 'Doremon'),
(769, 29, 1, 'Dear Comrade'),
(770, 29, 2, 'Ek Vivah Esa Bhi'),
(771, 29, 3, 'Hum Apake Hai Kon'),
(772, 29, 4, 'Spyder'),
(773, 29, 5, 'Spyder'),
(774, 29, 6, 'Hum Apake Hai Kon'),
(775, 29, 7, 'Spyder'),
(776, 29, 8, 'Ek Vivah Esa Bhi'),
(777, 29, 9, 'Hum Sath Sath Hai'),
(778, 29, 10, 'Hum Sath Sath Hai'),
(779, 29, 11, 'Dear Comrade'),
(780, 29, 12, 'Hum Apake Hai Kon'),
(781, 29, 13, 'Holiday'),
(782, 29, 14, 'Geeta Govinda'),
(783, 29, 15, 'Hum Sath Sath Hai'),
(784, 29, 16, 'Spyder'),
(785, 29, 17, 'Dear Comrade'),
(786, 29, 18, 'Ek Vivah Esa Bhi'),
(787, 29, 19, 'Hum Apake Hai Kon'),
(788, 29, 20, 'Hum Apake Hai Kon'),
(789, 29, 21, 'Spyder'),
(790, 29, 22, 'Spyder'),
(791, 29, 23, 'Holiday'),
(792, 29, 24, 'Ek Vivah Esa Bhi'),
(793, 30, 1, 'Geeta Govinda'),
(794, 30, 2, 'Ek Vivah Esa Bhi'),
(795, 30, 3, 'Holiday'),
(796, 30, 4, 'Vivaah'),
(797, 30, 5, 'Hum Sath Sath Hai'),
(798, 30, 6, 'Ek Vivah Esa Bhi'),
(799, 30, 7, 'Ek Vivah Esa Bhi'),
(800, 30, 8, 'Vivaah'),
(801, 30, 9, 'Vivaah'),
(802, 30, 10, 'Hum Apake Hai Kon'),
(803, 30, 11, 'Hum Sath Sath Hai'),
(804, 30, 12, 'Hum Apake Hai Kon'),
(805, 30, 13, 'Hum Sath Sath Hai'),
(806, 30, 14, 'Dear Comrade'),
(807, 30, 15, 'Dear Comrade'),
(808, 30, 16, 'Dear Comrade'),
(809, 30, 17, 'Spyder'),
(810, 30, 18, 'Hum Apake Hai Kon'),
(811, 30, 19, 'Ek Vivah Esa Bhi'),
(812, 30, 20, 'Hum Apake Hai Kon'),
(813, 30, 21, 'Hum Apake Hai Kon'),
(814, 30, 22, 'Spyder'),
(815, 30, 23, 'Holiday'),
(816, 30, 24, 'Hum Apake Hai Kon'),
(817, 21, 1, 'News'),
(818, 21, 2, 'News'),
(819, 21, 3, 'News Now'),
(820, 21, 4, 'News Now'),
(821, 21, 5, 'News Now'),
(822, 21, 6, 'News Now'),
(823, 21, 7, 'News'),
(824, 21, 8, 'News'),
(825, 21, 9, 'Todays News'),
(826, 21, 10, 'Todays News'),
(827, 21, 11, 'News'),
(828, 21, 12, 'News'),
(829, 21, 13, 'News'),
(830, 21, 14, 'News'),
(831, 21, 15, 'News'),
(832, 21, 16, 'News Now'),
(833, 21, 17, 'News'),
(834, 21, 18, 'News Now'),
(835, 21, 19, 'News Now'),
(836, 21, 20, 'News Now'),
(837, 21, 21, 'Todays News'),
(838, 21, 22, 'News Now'),
(839, 21, 23, 'News'),
(840, 21, 24, 'News Now'),
(841, 22, 1, 'News Now'),
(842, 22, 2, 'News Now'),
(843, 22, 3, 'News'),
(844, 22, 4, 'Todays News'),
(845, 22, 5, 'Todays News'),
(846, 22, 6, 'News Now'),
(847, 22, 7, 'News'),
(848, 22, 8, 'News Now'),
(849, 22, 9, 'News'),
(850, 22, 10, 'News'),
(851, 22, 11, 'News'),
(852, 22, 12, 'News Now'),
(853, 22, 13, 'Todays News'),
(854, 22, 14, 'News Now'),
(855, 22, 15, 'News'),
(856, 22, 16, 'News'),
(857, 22, 17, 'News'),
(858, 22, 18, 'News'),
(859, 22, 19, 'News Now'),
(860, 22, 20, 'News Now'),
(861, 22, 21, 'News Now'),
(862, 22, 22, 'News Now'),
(863, 22, 23, 'News'),
(864, 22, 24, 'News Now'),
(865, 5, 1, 'Naaptol'),
(866, 5, 2, 'Naaptol'),
(867, 5, 3, 'Kum Kum Bhagya'),
(868, 5, 4, 'Kum Kum Bhagya'),
(869, 5, 5, 'Kum Kum Bhagya'),
(870, 5, 6, 'Jodha Akbar'),
(871, 5, 7, 'Kum Kum Bhagya'),
(872, 5, 8, 'Sa Re Gamapa'),
(873, 5, 9, 'Kundali Bhagya'),
(874, 5, 10, 'Kon Banega Carod Pati'),
(875, 5, 11, 'Sa Re Gamapa'),
(876, 5, 12, 'Jodha Akbar'),
(877, 5, 13, 'Jodha Akbar'),
(878, 5, 14, 'Kundali Bhagya'),
(879, 5, 15, 'Sa Re Gamapa'),
(880, 5, 16, 'Kundali Bhagya'),
(881, 5, 17, 'Kum Kum Bhagya'),
(882, 5, 18, 'Naaptol'),
(883, 5, 19, 'Kon Banega Carod Pati'),
(884, 5, 20, 'Naaptol'),
(885, 5, 21, 'Kon Banega Carod Pati'),
(886, 5, 22, 'Jodha Akbar'),
(887, 5, 23, 'Kundali Bhagya'),
(888, 5, 24, 'Sa Re Gamapa'),
(889, 6, 1, 'Naaptol'),
(890, 6, 2, 'Kon Banega Carod Pati'),
(891, 6, 3, 'Kon Banega Carod Pati'),
(892, 6, 4, 'Sa Re Gamapa'),
(893, 6, 5, 'Kon Banega Carod Pati'),
(894, 6, 6, 'Sa Re Gamapa'),
(895, 6, 7, 'Kundali Bhagya'),
(896, 6, 8, 'Naaptol'),
(897, 6, 9, 'Jodha Akbar'),
(898, 6, 10, 'Naaptol'),
(899, 6, 11, 'Jodha Akbar'),
(900, 6, 12, 'Sa Re Gamapa'),
(901, 6, 13, 'Naaptol'),
(902, 6, 14, 'Kundali Bhagya'),
(903, 6, 15, 'Naaptol'),
(904, 6, 16, 'Kundali Bhagya'),
(905, 6, 17, 'Kum Kum Bhagya'),
(906, 6, 18, 'Sa Re Gamapa'),
(907, 6, 19, 'Jodha Akbar'),
(908, 6, 20, 'Kundali Bhagya'),
(909, 6, 21, 'Kum Kum Bhagya'),
(910, 6, 22, 'Kundali Bhagya'),
(911, 6, 23, 'Kundali Bhagya'),
(912, 6, 24, 'Kum Kum Bhagya'),
(913, 15, 1, 'Beyblade'),
(914, 15, 2, 'Beyblade'),
(915, 15, 3, 'Spider Man'),
(916, 15, 4, 'Beyblade'),
(917, 15, 5, 'Beyblade'),
(918, 15, 6, 'Spider Man'),
(919, 15, 7, 'Spider Man'),
(920, 15, 8, 'Beyblade'),
(921, 15, 9, 'Avengers Assemble'),
(922, 15, 10, 'Pokemon'),
(923, 15, 11, 'Beyblade'),
(924, 15, 12, 'Avengers Assemble'),
(925, 15, 13, 'Spider Man'),
(926, 15, 14, 'Pokemon'),
(927, 15, 15, 'Spider Man'),
(928, 15, 16, 'Avengers Assemble'),
(929, 15, 17, 'Pokemon'),
(930, 15, 18, 'Avengers Assemble'),
(931, 15, 19, 'Beyblade'),
(932, 15, 20, 'Beyblade'),
(933, 15, 21, 'Spider Man'),
(934, 15, 22, 'Avengers Assemble'),
(935, 15, 23, 'Spider Man'),
(936, 15, 24, 'Pokemon'),
(937, 16, 1, 'Spider Man'),
(938, 16, 2, 'Pokemon'),
(939, 16, 3, 'Beyblade'),
(940, 16, 4, 'Avengers Assemble'),
(941, 16, 5, 'Spider Man'),
(942, 16, 6, 'Spider Man'),
(943, 16, 7, 'Pokemon'),
(944, 16, 8, 'Pokemon'),
(945, 16, 9, 'Avengers Assemble'),
(946, 16, 10, 'Pokemon'),
(947, 16, 11, 'Avengers Assemble'),
(948, 16, 12, 'Spider Man'),
(949, 16, 13, 'Avengers Assemble'),
(950, 16, 14, 'Pokemon'),
(951, 16, 15, 'Pokemon'),
(952, 16, 16, 'Pokemon'),
(953, 16, 17, 'Beyblade'),
(954, 16, 18, 'Spider Man'),
(955, 16, 19, 'Beyblade'),
(956, 16, 20, 'Pokemon'),
(957, 16, 21, 'Avengers Assemble'),
(958, 16, 22, 'Avengers Assemble'),
(959, 16, 23, 'Beyblade'),
(960, 16, 24, 'Spider Man'),
(961, 33, 1, 'Cricket Count Down'),
(962, 33, 2, 'Live Ind Vs Aus Odi'),
(963, 33, 3, 'Cricket Count Down'),
(964, 33, 4, 'Cricket Count Down'),
(965, 33, 5, 'Cricket Count Down'),
(966, 33, 6, 'Cricket Count Down'),
(967, 33, 7, 'Cricket Count Down'),
(968, 33, 8, 'Live Ind Vs Aus Odi'),
(969, 33, 9, 'Ads'),
(970, 33, 10, 'Ads'),
(971, 33, 11, 'Ads'),
(972, 33, 12, 'Ads'),
(973, 33, 13, 'Live Ind Vs Aus Odi'),
(974, 33, 14, 'Cricket Count Down'),
(975, 33, 15, 'Ads'),
(976, 33, 16, 'Live Ind Vs Aus Odi'),
(977, 33, 17, 'Live Ind Vs Aus Odi'),
(978, 33, 18, 'Ads'),
(979, 33, 19, 'Cricket Count Down'),
(980, 33, 20, 'Live Ind Vs Aus Odi'),
(981, 33, 21, 'Cricket Count Down'),
(982, 33, 22, 'Cricket Count Down'),
(983, 33, 23, 'Ads'),
(984, 33, 24, 'Ads'),
(985, 34, 1, 'Ads'),
(986, 34, 2, 'Ads'),
(987, 34, 3, 'Ads'),
(988, 34, 4, 'Cricket Count Down'),
(989, 34, 5, 'Live Ind Vs Aus Odi'),
(990, 34, 6, 'Cricket Count Down'),
(991, 34, 7, 'Cricket Count Down'),
(992, 34, 8, 'Ads'),
(993, 34, 9, 'Cricket Count Down'),
(994, 34, 10, 'Cricket Count Down'),
(995, 34, 11, 'Cricket Count Down'),
(996, 34, 12, 'Live Ind Vs Aus Odi'),
(997, 34, 13, 'Cricket Count Down'),
(998, 34, 14, 'Cricket Count Down'),
(999, 34, 15, 'Cricket Count Down'),
(1000, 34, 16, 'Ads'),
(1001, 34, 17, 'Ads'),
(1002, 34, 18, 'Live Ind Vs Aus Odi'),
(1003, 34, 19, 'Live Ind Vs Aus Odi'),
(1004, 34, 20, 'Cricket Count Down'),
(1005, 34, 21, 'Ads'),
(1006, 34, 22, 'Ads'),
(1007, 34, 23, 'Ads'),
(1008, 34, 24, 'Live Ind Vs Aus Odi'),
(1009, 35, 1, 'WWE'),
(1010, 35, 2, 'WWE'),
(1011, 35, 3, 'WWE Raw'),
(1012, 35, 4, 'WWE Raw'),
(1013, 35, 5, 'WWE'),
(1014, 35, 6, 'Sa Vs Eng Test'),
(1015, 35, 7, 'WWE'),
(1016, 35, 8, 'WWE'),
(1017, 35, 9, 'Sa Vs Eng Test'),
(1018, 35, 10, 'WWE'),
(1019, 35, 11, 'WWE'),
(1020, 35, 12, 'Sa Vs Eng Test'),
(1021, 35, 13, 'WWE'),
(1022, 35, 14, 'WWE'),
(1023, 35, 15, 'Sa Vs Eng Test'),
(1024, 35, 16, 'WWE'),
(1025, 35, 17, 'WWE'),
(1026, 35, 18, 'WWE Raw'),
(1027, 35, 19, 'WWE'),
(1028, 35, 20, 'Sa Vs Eng Test'),
(1029, 35, 21, 'WWE'),
(1030, 35, 22, 'Sa Vs Eng Test'),
(1031, 35, 23, 'Sa Vs Eng Test'),
(1032, 35, 24, 'WWE Raw'),
(1033, 36, 1, 'WWE'),
(1034, 36, 2, 'Sa Vs Eng Test'),
(1035, 36, 3, 'Sa Vs Eng Test'),
(1036, 36, 4, 'WWE'),
(1037, 36, 5, 'WWE'),
(1038, 36, 6, 'WWE Raw'),
(1039, 36, 7, 'WWE'),
(1040, 36, 8, 'WWE'),
(1041, 36, 9, 'Sa Vs Eng Test'),
(1042, 36, 10, 'Sa Vs Eng Test'),
(1043, 36, 11, 'WWE'),
(1044, 36, 12, 'WWE'),
(1045, 36, 13, 'WWE'),
(1046, 36, 14, 'WWE'),
(1047, 36, 15, 'Sa Vs Eng Test'),
(1048, 36, 16, 'WWE'),
(1049, 36, 17, 'WWE Raw'),
(1050, 36, 18, 'WWE Raw'),
(1051, 36, 19, 'WWE Raw'),
(1052, 36, 20, 'Sa Vs Eng Test'),
(1053, 36, 21, 'WWE Raw'),
(1054, 36, 22, 'Sa Vs Eng Test'),
(1055, 36, 23, 'Sa Vs Eng Test'),
(1056, 36, 24, 'Sa Vs Eng Test'),
(1057, 17, 1, 'News'),
(1058, 17, 2, 'Crime News'),
(1059, 17, 3, 'News'),
(1060, 17, 4, 'Crime News'),
(1061, 17, 5, 'News'),
(1062, 17, 6, 'News'),
(1063, 17, 7, 'Bhakti'),
(1064, 17, 8, 'News'),
(1065, 17, 9, 'Crime News'),
(1066, 17, 10, 'Crime News'),
(1067, 17, 11, 'News'),
(1068, 17, 12, 'News'),
(1069, 17, 13, 'News'),
(1070, 17, 14, 'Crime News'),
(1071, 17, 15, 'News'),
(1072, 17, 16, 'News'),
(1073, 17, 17, 'Bhakti'),
(1074, 17, 18, 'News'),
(1075, 17, 19, 'News'),
(1076, 17, 20, 'News'),
(1077, 17, 21, 'News'),
(1078, 17, 22, 'News'),
(1079, 17, 23, 'News'),
(1080, 17, 24, 'Crime News'),
(1081, 18, 1, 'News'),
(1082, 18, 2, 'Crime News'),
(1083, 18, 3, 'Bhakti'),
(1084, 18, 4, 'News'),
(1085, 18, 5, 'News'),
(1086, 18, 6, 'News'),
(1087, 18, 7, 'News'),
(1088, 18, 8, 'News'),
(1089, 18, 9, 'News'),
(1090, 18, 10, 'Crime News'),
(1091, 18, 11, 'News'),
(1092, 18, 12, 'News'),
(1093, 18, 13, 'Crime News'),
(1094, 18, 14, 'News'),
(1095, 18, 15, 'Bhakti'),
(1096, 18, 16, 'News'),
(1097, 18, 17, 'Crime News'),
(1098, 18, 18, 'News'),
(1099, 18, 19, 'News'),
(1100, 18, 20, 'News'),
(1101, 18, 21, 'News'),
(1102, 18, 22, 'Bhakti'),
(1103, 18, 23, 'Crime News'),
(1104, 18, 24, 'News'),
(1105, 41, 1, 'Story Of India'),
(1106, 41, 2, 'Indian History'),
(1107, 41, 3, 'Ramayan'),
(1108, 41, 4, 'Story Of India'),
(1109, 41, 5, 'Ramayan'),
(1110, 41, 6, 'Indian History'),
(1111, 41, 7, 'Indian History'),
(1112, 41, 8, 'Ramayan'),
(1113, 41, 9, 'Story Of India'),
(1114, 41, 10, 'Story Of India'),
(1115, 41, 11, 'Indian History'),
(1116, 41, 12, 'Story Of India'),
(1117, 41, 13, 'Ramayan'),
(1118, 41, 14, 'Indian History'),
(1119, 41, 15, 'Story Of India'),
(1120, 41, 16, 'Story Of India'),
(1121, 41, 17, 'Indian History'),
(1122, 41, 18, 'Ramayan'),
(1123, 41, 19, 'Indian History'),
(1124, 41, 20, 'Ramayan'),
(1125, 41, 21, 'Story Of India'),
(1126, 41, 22, 'Ramayan'),
(1127, 41, 23, 'Ramayan'),
(1128, 41, 24, 'Indian History'),
(1129, 42, 1, 'Ramayan'),
(1130, 42, 2, 'Story Of India'),
(1131, 42, 3, 'Indian History'),
(1132, 42, 4, 'Indian History'),
(1133, 42, 5, 'Ramayan'),
(1134, 42, 6, 'Story Of India'),
(1135, 42, 7, 'Story Of India'),
(1136, 42, 8, 'Indian History'),
(1137, 42, 9, 'Indian History'),
(1138, 42, 10, 'Ramayan'),
(1139, 42, 11, 'Ramayan'),
(1140, 42, 12, 'Story Of India'),
(1141, 42, 13, 'Indian History'),
(1142, 42, 14, 'Story Of India'),
(1143, 42, 15, 'Story Of India'),
(1144, 42, 16, 'Ramayan'),
(1145, 42, 17, 'Story Of India'),
(1146, 42, 18, 'Indian History'),
(1147, 42, 19, 'Story Of India'),
(1148, 42, 20, 'Ramayan'),
(1149, 42, 21, 'Ramayan'),
(1150, 42, 22, 'Story Of India'),
(1151, 42, 23, 'Indian History'),
(1152, 42, 24, 'Ramayan');

-- --------------------------------------------------------

--
-- Table structure for table `record_shows`
--

CREATE TABLE `record_shows` (
  `record_id` int(11) NOT NULL,
  `programe_name` varchar(50) NOT NULL,
  `channel_id` int(11) NOT NULL,
  `time_slot_id` int(11) NOT NULL,
  `user_id` int(11) NOT NULL
) ENGINE=InnoDB DEFAULT CHARSET=utf8mb4 COLLATE=utf8mb4_general_ci;

-- --------------------------------------------------------

--
-- Table structure for table `time_slot`
--

CREATE TABLE `time_slot` (
  `time_slot_id` int(11) NOT NULL,
  `start_time` time NOT NULL,
  `end_time` time NOT NULL
) ENGINE=InnoDB DEFAULT CHARSET=utf8mb4 COLLATE=utf8mb4_general_ci;

--
-- Dumping data for table `time_slot`
--

INSERT INTO `time_slot` (`time_slot_id`, `start_time`, `end_time`) VALUES
(1, '00:00:00', '01:00:00'),
(2, '01:00:00', '02:00:00'),
(3, '02:00:00', '03:00:00'),
(4, '03:00:00', '04:00:00'),
(5, '04:00:00', '05:00:00'),
(6, '05:00:00', '06:00:00'),
(7, '06:00:00', '07:00:00'),
(8, '07:00:00', '08:00:00'),
(9, '08:00:00', '09:00:00'),
(10, '09:00:00', '10:00:00'),
(11, '10:00:00', '11:00:00'),
(12, '11:00:00', '12:00:00'),
(13, '12:00:00', '13:00:00'),
(14, '13:00:00', '14:00:00'),
(15, '14:00:00', '15:00:00'),
(16, '15:00:00', '16:00:00'),
(17, '16:00:00', '17:00:00'),
(18, '17:00:00', '18:00:00'),
(19, '18:00:00', '19:00:00'),
(20, '19:00:00', '20:00:00'),
(21, '20:00:00', '21:00:00'),
(22, '21:00:00', '22:00:00'),
(23, '22:00:00', '23:00:00'),
(24, '23:00:00', '00:00:00');

-- --------------------------------------------------------

--
-- Table structure for table `user`
--

CREATE TABLE `user` (
  `user_id` int(11) NOT NULL,
  `username` varchar(50) NOT NULL,
  `password` varchar(50) NOT NULL,
  `package_id` int(11) NOT NULL
) ENGINE=InnoDB DEFAULT CHARSET=utf8mb4 COLLATE=utf8mb4_general_ci;

--
-- Dumping data for table `user`
--

INSERT INTO `user` (`user_id`, `username`, `password`, `package_id`) VALUES
(1, 'rishabh', 'rishabh', 2),
(4, 'admin', 'root', 1),
(5, 'k@1234', '1234', 3);

-- --------------------------------------------------------

--
-- Structure for view `currently_playing`
--
DROP TABLE IF EXISTS `currently_playing`;

CREATE ALGORITHM=UNDEFINED DEFINER=`root`@`localhost` SQL SECURITY DEFINER VIEW `currently_playing`  AS SELECT `playque`.`channel_id` AS `channel_id`, `playque`.`channel_name` AS `channel_name`, `playque`.`program_name` AS `program_name`, `playque`.`start_time` AS `start_time`, `playque`.`end_time` AS `end_time` FROM `playque` WHERE curtime() >= `playque`.`start_time` AND `playque`.`end_time` >= curtime() ;

-- --------------------------------------------------------

--
-- Structure for view `playque`
--
DROP TABLE IF EXISTS `playque`;

CREATE ALGORITHM=UNDEFINED DEFINER=`root`@`localhost` SQL SECURITY DEFINER VIEW `playque`  AS SELECT `channel`.`channel_id` AS `channel_id`, `channel`.`channel_name` AS `channel_name`, `program_routine`.`program_name` AS `program_name`, `time_slot`.`start_time` AS `start_time`, `time_slot`.`end_time` AS `end_time` FROM ((`program_routine` join `channel` on(`program_routine`.`channel_id` = `channel`.`channel_id`)) join `time_slot` on(`program_routine`.`time_slot_id` = `time_slot`.`time_slot_id`)) ;

--
-- Indexes for dumped tables
--

--
-- Indexes for table `channel`
--
ALTER TABLE `channel`
  ADD PRIMARY KEY (`channel_id`);

--
-- Indexes for table `free_channel`
--
ALTER TABLE `free_channel`
  ADD PRIMARY KEY (`free_channel_id`);

--
-- Indexes for table `program_routine`
--
ALTER TABLE `program_routine`
  ADD PRIMARY KEY (`program_id`);

--
-- Indexes for table `record_shows`
--
ALTER TABLE `record_shows`
  ADD PRIMARY KEY (`record_id`);

--
-- Indexes for table `time_slot`
--
ALTER TABLE `time_slot`
  ADD PRIMARY KEY (`time_slot_id`);

--
-- Indexes for table `user`
--
ALTER TABLE `user`
  ADD PRIMARY KEY (`user_id`),
  ADD UNIQUE KEY `username` (`username`);

--
-- AUTO_INCREMENT for dumped tables
--

--
-- AUTO_INCREMENT for table `channel`
--
ALTER TABLE `channel`
  MODIFY `channel_id` int(11) NOT NULL AUTO_INCREMENT, AUTO_INCREMENT=49;

--
-- AUTO_INCREMENT for table `free_channel`
--
ALTER TABLE `free_channel`
  MODIFY `free_channel_id` int(11) NOT NULL AUTO_INCREMENT, AUTO_INCREMENT=49;

--
-- AUTO_INCREMENT for table `program_routine`
--
ALTER TABLE `program_routine`
  MODIFY `program_id` int(11) NOT NULL AUTO_INCREMENT, AUTO_INCREMENT=1153;

--
-- AUTO_INCREMENT for table `record_shows`
--
ALTER TABLE `record_shows`
  MODIFY `record_id` int(11) NOT NULL AUTO_INCREMENT;

--
-- AUTO_INCREMENT for table `time_slot`
--
ALTER TABLE `time_slot`
  MODIFY `time_slot_id` int(11) NOT NULL AUTO_INCREMENT, AUTO_INCREMENT=25;

--
-- AUTO_INCREMENT for table `user`
--
ALTER TABLE `user`
  MODIFY `user_id` int(11) NOT NULL AUTO_INCREMENT, AUTO_INCREMENT=6;
COMMIT;

/*!40101 SET CHARACTER_SET_CLIENT=@OLD_CHARACTER_SET_CLIENT */;
/*!40101 SET CHARACTER_SET_RESULTS=@OLD_CHARACTER_SET_RESULTS */;
/*!40101 SET COLLATION_CONNECTION=@OLD_COLLATION_CONNECTION */;
